x,y,z,total_cost_mean,total_cost_se,deviation_mean,deviation_se,total_cost_n
0.0,0.0,0.0,5429.4478185431035,6.453316646558211,1418.9555555555555,7.032386622640563,900
0.0,0.0,0.25,5913.641591018241,7.924198222256202,910.9777777777778,8.161988055108106,600
0.0,0.0,0.5,6328.97301621698,7.936002402788344,614.1266666666667,4.680350441710407,600
0.0,0.0,0.75,6678.182095876482,7.9396881696056,758.1644444444445,8.6563135722585,600
0.0,0.0,1.0,6977.142429932846,7.9047013168062055,1119.668888888889,9.348826078979622,600
0.0,0.0,1.25,7226.599499866522,7.92359685060477,1457.9755555555557,9.323003876318511,600
0.0,0.0,1.5,7438.933704086033,7.955815883202773,1730.848888888889,9.835302813961638,600
0.0,0.0,1.75,7616.543594749253,7.99282855528637,1992.322222222222,10.611580877274434,600
0.0,0.0,2.0,7755.113213004718,8.108186622467674,2325.188888888889,11.365197811963318,600
0.0,0.25,0.0,5691.048746074948,7.861329209408277,1421.4555555555555,8.700698122471575,600
0.0,0.25,0.25,6175.482529280353,11.164891754639052,922.9844444444444,11.089646938773125,300
0.0,0.25,0.5,6590.972983691915,11.185676307515953,674.0844444444444,7.5947575869961454,300
0.0,0.25,0.75,6940.453135836239,11.19363139559621,822.8955555555556,12.667820878130717,300
0.0,0.25,1.0,7239.782041879878,11.144168909743591,1184.8422222222223,13.470750104187294,300
0.0,0.25,1.25,7489.860024540198,11.168998121514687,1524.5022222222224,13.520182370622905,300
0.0,0.25,1.5,7703.113396008286,11.229338366885662,1799.9288888888887,14.55824602660197,300
0.0,0.25,1.75,7882.478124878408,11.311555128096995,2065.862222222222,15.758125505383326,300
0.0,0.25,2.0,8023.854369686091,11.501512689526912,2405.9888888888886,16.49320553727108,300
0.0,0.5,0.0,5943.177034108532,7.805213378990319,1423.9488888888889,8.680449243229528,600
0.0,0.5,0.25,6427.915464609522,11.100991524659598,951.3622222222223,10.483939440134163,300
0.0,0.5,0.5,6843.5944089528375,11.133127573535058,764.9666666666667,9.001825172431996,300
0.0,0.5,0.75,7193.188267753635,11.13903373588918,916.8666666666667,13.610658635423503,300
0.0,0.5,1.0,7492.684894298206,11.082507149269807,1279.5555555555557,14.3068782964075,300
0.0,0.5,1.25,7742.995541281348,11.097720740889395,1620.0022222222224,14.095331667369987,300
0.0,0.5,1.5,7956.732884504452,11.15824643105884,1896.582222222222,15.051672374087357,300
0.0,0.5,1.75,8136.782612136952,11.248487992680419,2164.0822222222223,15.937156473338508,300
0.0,0.5,2.0,8279.415792558722,11.459893741463427,2507.6555555555556,17.29926459460822,300
0.0,0.75,0.0,6180.575789217597,7.7394932651974955,1429.7622222222224,8.459641525928411,600
0.0,0.75,0.25,6665.512901160052,11.011206466288694,1015.5577777777777,10.159344122150737,300
0.0,0.75,0.5,7081.424989728589,11.051854059956948,910.2,11.110562676914542,300
0.0,0.75,0.75,7431.0932670738985,11.055871721994249,1064.7533333333333,14.614518611385622,300
0.0,0.75,1.0,7730.6637439561855,10.996698292125693,1427.4333333333334,15.84066680684309,300
0.0,0.75,1.25,7981.081562399041,11.002506100726752,1768.1288888888887,15.414569801122608,300
0.0,0.75,1.5,8194.992780817069,11.064525978710185,2045.1288888888887,16.612680425839986,300
0.0,0.75,1.75,8375.40021695759,11.154418760646033,2313.3888888888887,17.460237627648596,300
0.0,0.75,2.0,8518.57733641379,11.38256195377962,2657.9488888888886,18.70192206557109,300
0.0,1.0,0.0,6394.03232758368,7.674131509553448,1460.6133333333332,8.04266125879133,600
0.0,1.0,0.25,6879.306328357375,10.914132972848915,1172.68,12.29427520935352,300
0.0,1.0,0.5,7295.361884428165,10.940192764266202,1148.7666666666667,13.043001467399401,300
0.0,1.0,0.75,7645.175652812448,10.938346498097287,1303.5466666666666,16.185303042711844,300
0.0,1.0,1.0,7944.804219347201,10.87102811836419,1666.0733333333333,17.36731531137547,300
0.0,1.0,1.25,8195.276573912231,10.862878240111694,2006.9555555555555,16.882469638088185,300
0.0,1.0,1.5,8409.26855610547,10.91801515588119,2284.1222222222223,17.535817698339446,300
0.0,1.0,1.75,8589.793770482625,11.000825505335174,2552.8088888888888,18.673717990085084,300
0.0,1.0,2.0,8733.23190290459,11.234182960135092,2898.168888888889,20.247596440897087,300
0.0,1.25,0.0,6569.071032071846,7.677786739422315,1590.3222222222223,8.4168746534545,600
0.0,1.25,0.25,7054.84887469159,10.909462683683623,1493.0955555555556,14.286910700008399,300
0.0,1.25,0.5,7471.073689503285,10.910830801633526,1499.7066666666667,14.35971661509893,300
0.0,1.25,0.75,7820.989642710596,10.890007283059909,1654.26,17.26476638719906,300
0.0,1.25,1.0,8120.731634824886,10.819929871490718,2016.48,18.8350672840239,300
0.0,1.25,1.25,8371.238627721117,10.8049780012434,2357.4288888888887,18.416275046967492,300
0.0,1.25,1.5,8585.272090706321,10.850715977083711,2634.682222222222,18.780837718575118,300
0.0,1.25,1.75,8765.855476426985,10.916183729244905,2903.6422222222222,19.609556693628555,300
0.0,1.25,2.0,8909.350123073164,11.154278214490745,3249.288888888889,21.283325895815654,300
0.0,1.5,0.0,6701.735616880196,7.803539405639663,1869.8044444444445,9.895449025910374,600
0.0,1.5,0.25,7187.915327300423,11.065963320382753,1850.3911111111113,14.871971522249034,300
0.0,1.5,0.5,7604.391388812785,11.04860688657725,1856.94,14.793037650806848,300
0.0,1.5,0.75,7954.415482062062,11.022517121708507,2010.92,18.148247943160143,300
0.0,1.5,1.0,8254.23325092365,10.953218399304603,2373.0133333333333,19.264312126042352,300
0.0,1.5,1.25,8504.814608139939,10.935364746481556,2714.555555555555,18.428743815597343,300
0.0,1.5,1.5,8718.873760828707,10.965961846907248,2991.9355555555553,18.67479387187846,300
0.0,1.5,1.75,8899.487870811621,11.01135514105883,3260.9755555555553,20.027595800970072,300
0.0,1.5,2.0,9043.024289587242,11.254874381728367,3606.695555555556,21.169420747002395,300
0.0,1.75,0.0,6788.104127286023,8.098906647978618,2174.5466666666666,9.045624140695095,600
0.0,1.75,0.25,7275.114062406777,11.477811272657686,2160.8977777777777,13.128101270414785,300
0.0,1.75,0.5,7691.853089302394,11.460620766659346,2167.1555555555556,13.36284928251419,300
0.0,1.75,0.75,8042.085947981564,11.44085349087418,2319.9266666666667,17.247169622940373,300
0.0,1.75,1.0,8341.984808370611,11.381046628967553,2682.0533333333333,18.652818571969377,300
0.0,1.75,1.25,8592.612040770295,11.363874135565979,3023.742222222222,17.414779798067208,300
0.0,1.75,1.5,8806.690325480997,11.382213479215382,3301.182222222222,18.153344176818074,300
0.0,1.75,1.75,8987.321005635515,11.417810050619469,3570.275555555556,19.140116100192095,300
0.0,1.75,2.0,9130.87790628235,11.663748393843276,3916.068888888889,19.486260430875824,300
0.0,2.0,0.0,6843.359448518178,8.299439511407614,2360.9488888888886,7.782177927509109,600
0.0,2.0,0.25,7332.394559104024,11.799155834510378,2343.6911111111112,11.167427684272095,300
0.0,2.0,0.5,7749.684986592075,11.782101620040585,2343.1355555555556,11.53728709092352,300
0.0,2.0,0.75,8100.09173269069,11.775442314614422,2495.351111111111,15.409277263166931,300
0.0,2.0,1.0,8400.144607124816,11.734812366612193,2857.32,17.552087848344325,300
0.0,2.0,1.25,8650.817949600501,11.727563723390857,3199.055555555555,16.517896996215587,300
0.0,2.0,1.5,8864.930859798938,11.74783543933845,3476.5622222222223,17.40166641411652,300
0.0,2.0,1.75,9045.576907455374,11.78480148611205,3745.6822222222227,18.495219563971588,300
0.0,2.0,2.0,9189.14531538726,12.034576682679878,4091.5022222222224,18.640213345268457,300
0.25,0.0,0.0,5627.630370726334,8.226121590384084,2000.3688888888887,8.215996200927282,600
0.25,0.0,0.25,6181.250434993404,11.55583060536811,1416.9022222222222,12.217761264211273,300
0.25,0.0,0.5,6665.211715228147,11.630598657620366,902.711111111111,12.006418999702452,300
0.25,0.0,0.75,7080.120423279118,11.677673761316575,571.8666666666667,6.182309746090527,300
0.25,0.0,1.0,7428.770290567909,11.702371705535093,712.5422222222222,11.629154226665909,300
0.25,0.0,1.25,7726.848122465205,11.676389027315293,1072.4422222222222,12.731099201972219,300
0.25,0.0,1.5,7975.066060620927,11.706178889705022,1407.408888888889,12.705211581129873,300
0.25,0.0,1.75,8184.89409552064,11.74267674994005,1671.6622222222222,13.448793837192099,300
0.25,0.0,2.0,8358.50383128492,11.789408783078317,1919.9088888888887,14.986712707218146,300
0.25,0.25,0.0,5895.601979045771,11.643891003428566,2003.6155555555554,11.692881782875002,300
0.25,0.5,0.0,6156.836358886591,11.589173280963324,2006.3355555555554,11.72545489794275,300
0.25,0.75,0.0,6408.708216668002,11.527110596931673,2009.1955555555555,11.716391603833365,300
0.25,1.0,0.0,6645.510172596204,11.430481983223089,2017.142222222222,11.867902379233906,300
0.25,1.25,0.0,6858.09100349282,11.334726450110281,2024.9755555555555,12.06296347532784,300
0.25,1.5,0.0,7032.502205755353,11.355329791543015,2040.0733333333333,11.673954377220973,300
0.25,1.75,0.0,7163.782598897909,11.51776565980357,2109.6222222222223,11.092228846078342,300
0.25,2.0,0.0,7247.088357569597,11.85780084609916,2271.306666666667,10.362779999353481,300
0.5,0.0,0.0,5755.35795178717,8.564045711938748,2422.442222222222,7.39141348133955,600
0.5,0.0,0.25,6374.679053876027,11.979583097972649,1997.4822222222222,11.642339564694842,300
0.5,0.0,0.5,6927.959676111687,11.93952199629204,1413.8755555555556,12.21327821390188,300
0.5,0.0,0.75,7411.334458237197,12.059883300639271,893.788888888889,12.136761640257763,300
0.5,0.0,1.0,7825.438444001715,12.135570859165117,532.5955555555555,6.062215356713574,300
0.5,0.0,1.25,8172.778239580613,12.181943390477949,664.2955555555556,11.490055488779168,300
0.5,0.0,1.5,8468.997317646837,12.162649091807552,1020.188888888889,12.653342542630199,300
0.5,0.0,1.75,8713.478731617646,12.181494335772324,1341.7955555555557,12.504902204679661,300
0.5,0.0,2.0,8917.314876957424,12.221707080153765,1587.348888888889,13.436799378508868,300
0.5,0.25,0.0,6027.8827653823055,12.152791731906516,2427.648888888889,10.622212921107518,300
0.5,0.5,0.0,6295.401835545613,12.16404909355072,2431.2755555555555,10.618163541113763,300
0.5,0.75,0.0,6556.260289454238,12.126287171133244,2436.362222222222,10.663044358160729,300
0.5,1.0,0.0,6807.196821391857,12.051014299275222,2449.608888888889,11.113756076119941,300
0.5,1.25,0.0,7042.829007173293,11.949135147480806,2459.3288888888887,11.288172418501421,300
0.5,1.5,0.0,7254.326882214966,11.873123265181063,2472.702222222222,11.338270100302699,300
0.5,1.75,0.0,7426.821078746617,11.890618801638825,2500.8688888888887,11.653757341911358,300
0.5,2.0,0.0,7553.906892277592,11.971537567389456,2546.38,12.103306823792146,300
0.75,0.0,0.0,5839.137675383907,8.858578121462205,2680.842222222222,6.375020851671861,600
0.75,0.0,0.25,6498.861568540391,12.43970421253746,2416.662222222222,10.504404056349381,300
0.75,0.0,0.5,7117.563865342981,12.34480150599859,1992.3555555555554,11.653345618252093,300
0.75,0.0,0.75,7670.027891835848,12.345515745906797,1405.728888888889,12.215140758566795,300
0.75,0.0,1.0,8152.245021129651,12.506417661534899,881.0266666666666,12.3106776194899,300
0.75,0.0,1.25,8564.423201354417,12.604056032250652,486.61555555555555,6.34297618574556,300
0.75,0.0,1.5,8908.684765851658,12.651418426693771,606.8444444444444,11.934110088645538,300
0.75,0.0,1.75,9198.846805392759,12.620688683151428,946.311111111111,12.860231342704099,300
0.75,0.0,2.0,9433.925141033753,12.63982534737055,1236.2622222222224,12.939951182742192,300
0.75,0.25,0.0,6114.884695158444,12.582656843099597,2690.4955555555553,9.044234506624079,300
0.75,0.5,0.0,6386.665200283227,12.622687673574733,2697.6222222222223,9.156324808126193,300
0.75,0.75,0.0,6653.62589249499,12.652209792011353,2706.0622222222223,9.200100007175857,300
0.75,1.0,0.0,6913.081623962055,12.599645985787845,2726.3088888888888,9.569085146690549,300
0.75,1.25,0.0,7162.020102551772,12.519445032581054,2745.202222222222,9.889829740753166,300
0.75,1.5,0.0,7395.839789752433,12.430621932205195,2771.2755555555555,10.215087523544327,300
0.75,1.75,0.0,7603.92277008895,12.335739700360852,2816.5955555555556,11.10453612672328,300
0.75,2.0,0.0,7770.671051571177,12.284877779233339,2887.728888888889,11.95705814044764,300
1.0,0.0,0.0,5894.008388364675,9.04048798662119,2848.4088888888887,6.187034179742451,600
1.0,0.0,0.25,6580.17704290685,12.839799705775238,2672.1422222222222,9.030225570105081,300
1.0,0.0,0.5,7238.814815979326,12.776578012494713,2406.922222222222,10.58905733992786,300
1.0,0.0,0.75,7856.134032483517,12.726536627262517,1980.2688888888888,11.81526162499255,300
1.0,0.0,1.0,8406.72646933694,12.763417951612395,1387.0155555555557,12.088611033459514,300
1.0,0.0,1.25,8885.67479170839,12.930687640217716,849.1355555555555,12.31497535901849,300
1.0,0.0,1.5,9292.978268208955,13.026800289235936,392.9555555555556,7.458262133872617,300
1.0,0.0,1.75,9627.251956003702,13.034000475035848,495.88888888888886,12.354937773454655,300
1.0,0.0,2.0,9902.203732016247,12.981131702668522,836.28,12.007335195670054,300
1.0,0.25,0.0,6171.639156679023,12.851731056949037,2862.782222222222,8.86819543702445,300
1.0,0.5,0.0,6445.753255764869,12.901612929865486,2879.1155555555556,9.1865012227347,300
1.0,0.75,0.0,6715.971368827987,12.964165500559632,2895.782222222222,9.498059020989066,300
1.0,1.0,0.0,6980.2073097620705,12.970141780764491,2928.3488888888887,10.037515862776356,300
1.0,1.25,0.0,7236.094609425568,12.910763464154263,2961.2355555555555,10.279786591678494,300
1.0,1.5,0.0,7480.919695673208,12.82582073536544,3008.0955555555556,11.07382987484224,300
1.0,1.75,0.0,7708.666264336914,12.711277549586738,3077.922222222222,11.904300866654385,300
1.0,2.0,0.0,7907.057652663902,12.575112637115357,3188.742222222222,12.341014038859578,300
1.25,0.0,0.0,5930.482117066692,9.195119559661856,2945.748888888889,5.907656092829032,600
1.25,0.0,0.25,6632.302382621521,13.086714289815445,2833.9688888888886,8.7357953492983,300
1.25,0.0,0.5,7316.483910400998,13.151367142332404,2654.0955555555556,9.071766888195501,300
1.25,0.0,0.75,7972.6220385439365,13.13142385900151,2384.6133333333332,10.894266355075729,300
1.25,0.0,1.0,8586.500865072461,13.12783274553995,1947.5733333333333,11.697811403267238,300
1.25,0.0,1.25,9131.528094346306,13.18301778460605,1331.6777777777777,12.040746075023309,300
1.25,0.0,1.5,9602.062773578771,13.359864925332209,774.4777777777778,12.121219960331011,300
1.25,0.0,1.75,9992.217968128738,13.419806601656965,289.0555555555556,8.632562150292662,300
1.25,0.0,2.0,10302.228370394128,13.392709329002669,516.5822222222222,10.744159974129776,300
1.25,0.25,0.0,6210.138523550895,13.075314486477792,2965.4688888888886,8.359679377806504,300
1.25,0.5,0.0,6485.796272359388,13.13659046184759,2983.2755555555555,8.708132158870471,300
1.25,0.75,0.0,6757.837327772108,13.207998904028065,3001.728888888889,9.004386501857054,300
1.25,1.0,0.0,7024.760920379623,13.242646355270837,3036.9955555555553,9.72556742024933,300
1.25,1.25,0.0,7284.563807158821,13.225633648832284,3078.3355555555554,10.381688086466026,300
1.25,1.5,0.0,7535.038417721507,13.151380964827803,3130.248888888889,11.089425181530611,300
1.25,1.75,0.0,7772.358300228156,13.041948508159123,3206.608888888889,11.94261719726707,300
1.25,2.0,0.0,7988.327247835727,12.896046302191255,3327.7955555555554,12.31416767640326,300
1.5,0.0,0.0,5953.643014544097,9.341667234419466,3009.628888888889,5.666720140432427,600
1.5,0.0,0.25,6664.850574208334,13.26883112841568,2922.4955555555553,8.363412748040552,300
1.5,0.0,0.5,7363.242406945135,13.363439431710557,2799.268888888889,8.523731183849048,300
1.5,0.0,0.75,8042.6130282064605,13.436398611924833,2614.2155555555555,9.598542262218876,300
1.5,0.0,1.0,8692.671099191282,13.464060655610698,2329.3977777777777,10.893659197468914,300
1.5,0.0,1.25,9296.99603467656,13.484556053384702,1864.8755555555554,10.849349917914704,300
1.5,0.0,1.5,9826.465955774718,13.608845216392265,1273.588888888889,10.167885146485487,300
1.5,0.0,1.75,10266.723106125164,13.75964689931927,873.34,10.301393192040324,300
1.5,0.0,2.0,10614.253397206268,13.806535613056667,829.2444444444445,12.700366028030997,300
1.5,0.25,0.0,6236.217527658369,13.315415514127375,3035.535555555555,7.8731669497249825,300
1.5,0.5,0.0,6513.4757647868255,13.381951980006976,3056.708888888889,8.206048289101187,300
1.5,0.75,0.0,6786.89300453497,13.465226997416828,3076.2555555555555,8.445731165047752,300
1.5,1.0,0.0,7055.451635630527,13.507180370683837,3112.9355555555553,9.201564447972165,300
1.5,1.25,0.0,7317.57637081666,13.506941472437283,3157.742222222222,9.836847975003115,300
1.5,1.5,0.0,7571.228445789536,13.45212024493898,3212.2755555555555,10.542871076805234,300
1.5,1.75,0.0,7813.637350635961,13.351024147405267,3293.6555555555556,11.55534464761936,300
1.5,2.0,0.0,8038.343279608736,13.205064128219936,3422.1955555555555,12.144024876620277,300
1.75,0.0,0.0,5968.48632698768,9.454911810989904,3052.002222222222,5.558231000372395,600
1.75,0.0,0.25,6685.624361546628,13.432374805509319,2979.891111111111,8.118381818915287,300
1.75,0.0,0.5,7392.552126790103,13.506184802903132,2879.9244444444444,8.135275260451733,300
1.75,0.0,0.75,8084.808575652645,13.601840901027993,2745.7155555555555,8.861934062101168,300
1.75,0.0,1.0,8756.112125132337,13.689555971933588,2539.7533333333336,9.451011579122,300
1.75,0.0,1.25,9393.390822914896,13.727884642442824,2235.108888888889,9.859278169238113,300
1.75,0.0,1.5,9977.43183841618,13.844239876605593,1815.837777777778,8.88654258424118,300
1.75,0.0,1.75,10468.303420440414,13.966787341839682,1356.748888888889,8.942170605906266,300
1.75,0.0,2.0,10849.468995267165,14.059224264559539,1173.6466666666668,10.858575738237938,300
1.75,0.25,0.0,6252.707821852416,13.507719275465837,3081.728888888889,7.630736540755693,300
1.75,0.5,0.0,6532.210741544729,13.609098150461126,3109.422222222222,7.691851953963228,300
1.75,0.75,0.0,6806.800588926207,13.696817838360213,3134.0088888888886,7.870553098599403,300
1.75,1.0,0.0,7076.464113385164,13.747926176543261,3172.6755555555555,8.694649945629232,300
1.75,1.25,0.0,7340.018854481025,13.755755908208814,3220.0088888888886,9.359584557958113,300
1.75,1.5,0.0,7595.5550852065935,13.712260670654768,3279.648888888889,10.199989747146859,300
1.75,1.75,0.0,7840.703865895116,13.62389179027584,3366.3955555555553,11.253098809170371,300
1.75,2.0,0.0,8069.645390216567,13.474098583335664,3505.428888888889,11.984599481528273,300
2.0,0.0,0.0,5977.463929795016,9.517383002539658,3077.7733333333335,5.452077596145177,600
2.0,0.0,0.25,6698.509809609421,13.54890061092594,3015.64,8.038017717352744,300
2.0,0.0,0.5,7410.719729357595,13.625074927779352,2933.0711111111113,7.868803943068256,300
2.0,0.0,0.75,8110.631591882803,13.70329375337182,2817.38,8.356050353203024,300
2.0,0.0,1.0,8793.311532705042,13.801074740101447,2662.8333333333335,8.554476156168391,300
2.0,0.0,1.25,9449.49252880839,13.865328581666985,2449.3355555555554,7.810485032048657,300
2.0,0.0,1.5,10063.275343363292,14.005646168844045,2226.4044444444444,7.669150741208219,300
2.0,0.0,1.75,10603.481541610317,14.167988010297089,1930.897777777778,8.029417592089812,300
2.0,0.0,2.0,11025.117888475748,14.265292775755789,1597.3644444444444,8.4213172751308,300
2.0,0.25,0.0,6262.9636954891375,13.616063257012673,3111.4688888888886,7.449329089614661,300
2.0,0.5,0.0,6543.571304240584,13.742528241658563,3143.0088888888886,7.492126573471834,300
2.0,0.75,0.0,6819.645508426923,13.852853503888433,3171.148888888889,7.688126312489122,300
2.0,1.0,0.0,7090.063610495356,13.90496128301041,3213.3088888888888,8.418890297687831,300
2.0,1.25,0.0,7354.338125922834,13.920604849432404,3264.0288888888886,9.143197465157668,300
2.0,1.5,0.0,7610.83129369422,13.886155284689863,3328.108888888889,10.109428030335883,300
2.0,1.75,0.0,7857.163872384291,13.805979179032565,3419.402222222222,11.152983856888305,300
2.0,2.0,0.0,8087.92673417136,13.665938598743974,3565.9355555555558,12.045916570188332,300
