,baseline_demand
Commodity_1,81.0
Commodity_2,1.0
Commodity_3,4.0
Commodity_4,1.0
Commodity_5,3.0
Commodity_6,2.0
Commodity_7,1.0
Commodity_8,3.0
Commodity_9,1.0
Commodity_10,1.0
Commodity_11,3.0
Commodity_12,1.0
Commodity_13,1.0
Commodity_14,6.0
Commodity_15,1.0
Commodity_16,2.0
Commodity_17,4.0
Commodity_18,1.0
Commodity_19,3.0
Commodity_20,1.0
Commodity_21,1.0
Commodity_22,1.0
Commodity_23,1.0
Commodity_24,1.0
Commodity_25,3.0
Commodity_26,4.0
Commodity_27,1.0
Commodity_28,3.0
Commodity_29,3.0
Commodity_30,2.0
Commodity_31,1.0
Commodity_32,1.0
Commodity_33,1.0
Commodity_34,1.0
Commodity_35,1.0
Commodity_36,1.0
Commodity_37,11.0
Commodity_38,4.0
Commodity_39,6.0
Commodity_40,1.0
Commodity_41,1.0
Commodity_42,2.0
Commodity_43,1.0
Commodity_44,2.0
Commodity_45,2.0
Commodity_46,1.0
Commodity_47,1.0
Commodity_48,1.0
Commodity_49,2.0
Commodity_50,1.0
Commodity_51,7.0
Commodity_52,1.0
Commodity_53,1.0
Commodity_54,7.0
Commodity_55,1.0
Commodity_56,22.0
Commodity_57,1.0
Commodity_58,10.0
Commodity_59,10.0
Commodity_60,4.0
Commodity_61,1.0
Commodity_62,1.0
Commodity_63,1.0
Commodity_64,2.0
Commodity_65,1.0
Commodity_66,12.0
Commodity_67,1.0
Commodity_68,2.0
Commodity_69,5.0
Commodity_70,2.0
Commodity_71,1.0
Commodity_72,2.0
Commodity_73,3.0
Commodity_74,1.0
Commodity_75,3.0
Commodity_76,1.0
Commodity_77,1.0
Commodity_78,2.0
Commodity_79,1.0
Commodity_80,1.0
Commodity_81,2.0
Commodity_82,1.0
Commodity_83,2.0
Commodity_84,9.0
Commodity_85,1.0
Commodity_86,2.0
Commodity_87,3.0
Commodity_88,1.0
Commodity_89,1.0
Commodity_90,1.0
Commodity_91,1.0
Commodity_92,5.0
Commodity_93,2.0
Commodity_94,15.0
Commodity_95,1.0
Commodity_96,38.0
Commodity_97,21.0
Commodity_98,1.0
Commodity_99,2.0
Commodity_100,3.0
Commodity_101,8.0
Commodity_102,2.0
Commodity_103,1.0
Commodity_104,2.0
Commodity_105,2.0
Commodity_106,1.0
Commodity_107,1.0
Commodity_108,1.0
Commodity_109,1.0
Commodity_110,1.0
Commodity_111,9.0
Commodity_112,3.0
Commodity_113,6.0
Commodity_114,1.0
Commodity_115,3.0
Commodity_116,1.0
Commodity_117,2.0
Commodity_118,691.0
Commodity_119,16.0
Commodity_120,10.0
Commodity_121,2.0
Commodity_122,1.0
Commodity_123,7.0
Commodity_124,1.0
Commodity_125,3.0
Commodity_126,11.0
Commodity_127,3.0
Commodity_128,82.0
Commodity_129,8.0
Commodity_130,1.0
Commodity_131,9.0
Commodity_132,1.0
Commodity_133,1.0
Commodity_134,1.0
Commodity_135,3.0
Commodity_136,1.0
Commodity_137,1.0
Commodity_138,2.0
Commodity_139,1.0
Commodity_140,3.0
Commodity_141,1.0
Commodity_142,1.0
Commodity_143,1.0
Commodity_144,1.0
Commodity_145,7.0
Commodity_146,1.0
Commodity_147,1.0
Commodity_148,1.0
Commodity_149,2.0
Commodity_150,1.0
Commodity_151,4.0
Commodity_152,1.0
Commodity_153,1.0
Commodity_154,1.0
Commodity_155,4.0
Commodity_156,1.0
Commodity_157,1.0
Commodity_158,6.0
Commodity_159,1.0
Commodity_160,1.0
Commodity_161,2.0
Commodity_162,1.0
Commodity_163,1.0
Commodity_164,1.0
Commodity_165,1.0
Commodity_166,3.0
Commodity_167,6.0
Commodity_168,1.0
Commodity_169,2.0
Commodity_170,1.0
Commodity_171,1.0
Commodity_172,1.0
Commodity_173,10.0
Commodity_174,3.0
Commodity_175,3.0
Commodity_176,1.0
Commodity_177,1.0
Commodity_178,4.0
Commodity_179,23.0
Commodity_180,3.0
Commodity_181,1.0
Commodity_182,1.0
Commodity_183,4.0
Commodity_184,1.0
Commodity_185,1.0
Commodity_186,1.0
Commodity_187,3.0
Commodity_188,6.0
Commodity_189,2.0
Commodity_190,3.0
Commodity_191,6.0
Commodity_192,16.0
Commodity_193,1.0
Commodity_194,2.0
Commodity_195,1.0
Commodity_196,1.0
Commodity_197,4.0
Commodity_198,1.0
Commodity_199,1.0
Commodity_200,116.0
Commodity_201,3.0
Commodity_202,1.0
Commodity_203,7.0
Commodity_204,2.0
Commodity_205,2.0
Commodity_206,10.0
Commodity_207,1.0
Commodity_208,1.0
Commodity_209,1.0
Commodity_210,3.0
Commodity_211,1.0
Commodity_212,2.0
Commodity_213,1.0
Commodity_214,2.0
Commodity_215,1.0
Commodity_216,1.0
Commodity_217,2.0
Commodity_218,4.0
Commodity_219,3.0
Commodity_220,8.0
Commodity_221,1.0
Commodity_222,6.0
Commodity_223,1.0
Commodity_224,13.0
Commodity_225,1.0
Commodity_226,9.0
Commodity_227,3.0
Commodity_228,174.0
Commodity_229,1.0
Commodity_230,1.0
Commodity_231,1.0
Commodity_232,5.0
Commodity_233,1.0
Commodity_234,6.0
Commodity_235,3.0
Commodity_236,1.0
Commodity_237,1.0
Commodity_238,1.0
Commodity_239,1.0
Commodity_240,2.0
Commodity_241,2.0
Commodity_242,1.0
Commodity_243,1.0
Commodity_244,1.0
Commodity_245,1.0
Commodity_246,2.0
Commodity_247,2.0
Commodity_248,18.0
Commodity_249,1.0
Commodity_250,1.0
Commodity_251,1.0
Commodity_252,2.0
Commodity_253,1.0
Commodity_254,2.0
Commodity_255,1.0
Commodity_256,1.0
Commodity_257,8.0
Commodity_258,1.0
Commodity_259,2.0
Commodity_260,2.0
Commodity_261,6.0
Commodity_262,4.0
Commodity_263,2.0
Commodity_264,19.0
Commodity_265,1.0
Commodity_266,1.0
Commodity_267,1.0
Commodity_268,1.0
Commodity_269,2.0
Commodity_270,1.0
Commodity_271,2.0
Commodity_272,16.0
Commodity_273,1.0
Commodity_274,1.0
Commodity_275,1.0
Commodity_276,1.0
Commodity_277,9.0
Commodity_278,8.0
Commodity_279,1.0
Commodity_280,1.0
Commodity_281,9.0
Commodity_282,1.0
Commodity_283,1.0
Commodity_284,1.0
Commodity_285,2.0
Commodity_286,2.0
Commodity_287,2.0
Commodity_288,1.0
Commodity_289,1.0
Commodity_290,3.0
Commodity_291,23.0
Commodity_292,1.0
Commodity_293,18.0
Commodity_294,5.0
Commodity_295,43.0
Commodity_296,4.0
Commodity_297,1.0
Commodity_298,20.0
Commodity_299,1.0
Commodity_300,3.0
Commodity_301,2.0
Commodity_302,8.0
Commodity_303,1.0
Commodity_304,5.0
Commodity_305,70.0
Commodity_306,2.0
Commodity_307,6.0
Commodity_308,1.0
Commodity_309,1.0
Commodity_310,1.0
Commodity_311,7.0
Commodity_312,5.0
Commodity_313,21.0
Commodity_314,4.0
Commodity_315,1.0
Commodity_316,2.0
Commodity_317,1.0
Commodity_318,1.0
Commodity_319,1.0
Commodity_320,1.0
Commodity_321,3.0
Commodity_322,1.0
Commodity_323,2.0
Commodity_324,1.0
Commodity_325,4.0
Commodity_326,4.0
Commodity_327,4.0
Commodity_328,2.0
Commodity_329,1.0
Commodity_330,1.0
Commodity_331,1.0
Commodity_332,1.0
Commodity_333,5.0
Commodity_334,2.0
Commodity_335,1.0
Commodity_336,1.0
Commodity_337,1.0
Commodity_338,2.0
Commodity_339,1.0
Commodity_340,1.0
Commodity_341,5.0
Commodity_342,1.0
Commodity_343,2.0
Commodity_344,49.0
Commodity_345,11.0
Commodity_346,13.0
Commodity_347,2.0
Commodity_348,1.0
Commodity_349,17.0
Commodity_350,1.0
Commodity_351,2.0
Commodity_352,1.0
Commodity_353,4.0
Commodity_354,1.0
Commodity_355,1.0
Commodity_356,4.0
Commodity_357,2.0
Commodity_358,1.0
Commodity_359,1.0
Commodity_360,1.0
Commodity_361,1.0
Commodity_362,1.0
Commodity_363,1.0
Commodity_364,1.0
Commodity_365,1.0
Commodity_366,1.0
Commodity_367,1.0
Commodity_368,2.0
Commodity_369,1.0
Commodity_370,9.0
Commodity_371,47.0
Commodity_372,1.0
Commodity_373,1.0
Commodity_374,2.0
Commodity_375,1.0
Commodity_376,1.0
Commodity_377,2.0
Commodity_378,1.0
Commodity_379,3.0
Commodity_380,6.0
Commodity_381,1.0
Commodity_382,1.0
Commodity_383,8.0
Commodity_384,1.0
Commodity_385,3.0
Commodity_386,1.0
Commodity_387,1.0
Commodity_388,3.0
Commodity_389,1.0
Commodity_390,1.0
Commodity_391,1.0
Commodity_392,1.0
Commodity_393,1.0
Commodity_394,1.0
Commodity_395,1.0
Commodity_396,1.0
Commodity_397,1.0
Commodity_398,1.0
Commodity_399,1.0
Commodity_400,531.0
Commodity_401,3.0
Commodity_402,6.0
Commodity_403,2.0
Commodity_404,5.0
Commodity_405,13.0
Commodity_406,1.0
Commodity_407,1.0
Commodity_408,1.0
Commodity_409,84.0
Commodity_410,1.0
Commodity_411,1.0
Commodity_412,1.0
Commodity_413,3.0
Commodity_414,1.0
Commodity_415,8.0
Commodity_416,4.0
Commodity_417,2.0
Commodity_418,1.0
Commodity_419,1.0
Commodity_420,1.0
Commodity_421,1.0
Commodity_422,81.0
Commodity_423,1.0
Commodity_424,1.0
Commodity_425,1.0
Commodity_426,1.0
Commodity_427,1.0
Commodity_428,4.0
Commodity_429,1.0
Commodity_430,3.0
Commodity_431,1.0
Commodity_432,1.0
Commodity_433,1.0
Commodity_434,1.0
Commodity_435,7.0
Commodity_436,8.0
Commodity_437,1.0
Commodity_438,2.0
Commodity_439,3.0
Commodity_440,1.0
Commodity_441,10.0
Commodity_442,4.0
Commodity_443,1.0
Commodity_444,1.0
Commodity_445,1.0
Commodity_446,1.0
Commodity_447,1.0
Commodity_448,2.0
Commodity_449,3.0
Commodity_450,3.0
Commodity_451,1.0
Commodity_452,4.0
Commodity_453,1.0
Commodity_454,2.0
Commodity_455,1.0
Commodity_456,2.0
Commodity_457,17.0
Commodity_458,2.0
Commodity_459,1.0
Commodity_460,1.0
Commodity_461,2.0
Commodity_462,2.0
Commodity_463,7.0
Commodity_464,3.0
Commodity_465,3.0
Commodity_466,1.0
Commodity_467,14.0
Commodity_468,1.0
Commodity_469,12.0
Commodity_470,3.0
Commodity_471,8.0
Commodity_472,13.0
Commodity_473,2.0
Commodity_474,4.0
Commodity_475,1.0
Commodity_476,1.0
Commodity_477,2.0
Commodity_478,1.0
Commodity_479,1.0
Commodity_480,1.0
Commodity_481,1.0
Commodity_482,3.0
Commodity_483,1.0
Commodity_484,1.0
Commodity_485,7.0
Commodity_486,3.0
Commodity_487,3.0
Commodity_488,2.0
Commodity_489,1.0
Commodity_490,1.0
Commodity_491,1.0
Commodity_492,9.0
Commodity_493,2.0
Commodity_494,2.0
Commodity_495,2.0
Commodity_496,1.0
Commodity_497,1.0
Commodity_498,28.0
Commodity_499,509.0
Commodity_500,1.0
