,Warehouse1,Warehouse2,Warehouse3,Warehouse4,Warehouse5,Warehouse6,Warehouse7
Commodity_1,0.23368798243132236,0.2877367962137064,0.09895180243987636,0.0614357828940121,0.12216429667477131,0.16030215789432808,0.03572118145198323
Commodity_2,0.1370989690180977,0.16489614380074202,0.1973418755404305,0.07631751905154709,0.18059002133188481,0.14595952793392683,0.09779594332337106
Commodity_3,0.18055272420955734,0.07960394617581172,0.06499342091582623,0.2639796054436341,0.06765760578656076,0.07917549319909349,0.26403720426951655
Commodity_4,0.07502924558815738,0.15556388511193123,0.2533766088895632,0.0876225842651944,0.20054564326062482,0.0647064418434062,0.1631555910411228
Commodity_5,0.16192406362690348,0.13227775735661698,0.12381948667648777,0.18651263393553058,0.048057977021900324,0.15365588331407898,0.19375219806848207
Commodity_6,0.05513318369190844,0.24559759307726564,0.231041896019216,0.09402732721648727,0.06552830386096099,0.19058347148235988,0.11808822465180178
Commodity_7,0.17329245118198924,0.21895011008358442,0.19929247811480405,0.12222560681599266,0.12282931693271325,0.0717535772389563,0.09165645963196016
Commodity_8,0.2656050900710013,0.17492373584168786,0.17251398023185702,0.10222787075245479,0.10262542012327935,0.058140755173624506,0.12396314780609523
Commodity_9,0.11780626939989242,0.07446288068199244,0.20899670195915873,0.12426554604464184,0.18370444395175878,0.11784924768151385,0.17291491028104203
Commodity_10,0.04359115020327139,0.2158318230423269,0.12761725686842124,0.18751333789722985,0.08098588353320063,0.10656001340879796,0.23790053504675207
Commodity_11,0.1373238369400887,0.20147797501541254,0.22953495983786215,0.17746494158871767,0.04062834553361523,0.18095872585528974,0.03261121522901395
Commodity_12,0.21556842022625355,0.15932528107669983,0.17230947334044833,0.10479226721160333,0.051490275581509426,0.17282289157906103,0.12369139098442455
Commodity_13,0.27360211493513437,0.09121020009687839,0.05779660860285951,0.15008781834733795,0.14291875028747272,0.15663949593388365,0.1277450117964334
Commodity_14,0.13988619783187148,0.22081426309621832,0.1604785304472828,0.12826743855640005,0.1668766748046849,0.09444173834954336,0.08923515691399904
Commodity_15,0.12083407274229487,0.23955638201526747,0.2330471073638406,0.08527043329946002,0.07989029706131721,0.21314174240412675,0.028259965113693258
Commodity_16,0.25711671811465675,0.14343802314825582,0.04302280433829677,0.051296815015745366,0.20737742556408675,0.27050571846896776,0.027242495349990757
Commodity_17,0.08236804196312401,0.163334066867898,0.03300954753774183,0.1303560866918833,0.19803506941755278,0.16209379085213857,0.2308033966696614
Commodity_18,0.07717335168839062,0.16017790599821613,0.23051426638383227,0.19151896713440883,0.15375106121530924,0.07174790551654425,0.11511654206329862
Commodity_19,0.13166598096725723,0.1761168086288548,0.09023556906092836,0.3309833316239695,0.05367567465046775,0.08262990003837355,0.1346927350301488
Commodity_20,0.23406966176623775,0.26869091685550694,0.07494736940322741,0.06768531496104378,0.19171450425449899,0.044736622219925075,0.11815561053955993
Commodity_21,0.1326029650060166,0.1736768842936213,0.07623134346221354,0.17419165674621237,0.11408329748488466,0.17638919042711793,0.15282466257993343
Commodity_22,0.15443114703379754,0.11711963846004002,0.18328475416340378,0.16494280627261543,0.07908212221516099,0.1724106864380908,0.12872884541689159
Commodity_23,0.12334362274343248,0.16981907172242974,0.14331295585270334,0.03825791990692203,0.19919539725316704,0.08761691157697131,0.2384541209443741
Commodity_24,0.1601587955606786,0.1082984330942718,0.24722082337083126,0.10808095207986354,0.09817279344185097,0.03646905733061185,0.24159914512189176
Commodity_25,0.14405058909135057,0.12965941777662807,0.039186821859081324,0.2461323599625023,0.08840816726073386,0.13571255025082682,0.21685009379887715
Commodity_26,0.18064726605511294,0.0813805117898041,0.056874856601721056,0.12755810683303995,0.24171388292184076,0.06285148666277111,0.24897388913571017
Commodity_27,0.12855865886324389,0.21971453051179615,0.10188083578625592,0.20603971550206782,0.11524966693512045,0.20345556019504124,0.025101032206474565
Commodity_28,0.10369869844757575,0.22422749936970418,0.11168660154184487,0.10385101825662352,0.18495697991932392,0.21151773228073487,0.06006147018419281
Commodity_29,0.17840270054293658,0.14801709476637212,0.16813394518019595,0.22594825005387656,0.07076766041587701,0.14290873272979748,0.06582161631094427
Commodity_30,0.24668157661749174,0.09091905893721328,0.12110168153646511,0.11839723912943316,0.1683756800874112,0.05958786521276196,0.1949368984792236
Commodity_31,0.12639350134303162,0.2165774689440347,0.0820920176413208,0.09441356089313734,0.19088488991803143,0.18326539515904436,0.10637316610139974
Commodity_32,0.06463272722691991,0.10020877093107229,0.2129431284340101,0.16815097030530132,0.20689826529843444,0.14069826802224497,0.10646786978201693
Commodity_33,0.11747953179031449,0.0816869610246175,0.1887582805968053,0.22403680704945955,0.12021860055302146,0.20374931575210298,0.06407050323367879
Commodity_34,0.24308812601800445,0.10272476548033697,0.10629642484057233,0.2340803882993188,0.13802969676711435,0.08784425657936512,0.08793634201528788
Commodity_35,0.1769504469033936,0.09060538889955548,0.0653739939756233,0.15659707835543052,0.2210946547146283,0.1652688668658398,0.124109570285529
Commodity_36,0.22180264835624466,0.10686264301406291,0.33933492050503716,0.14655243068042345,0.0722126073584839,0.07540895078766445,0.03782579929808342
Commodity_37,0.06851867137454111,0.2022690729425882,0.1200471808835214,0.11369702555116097,0.18016318421088448,0.15034032888655327,0.16496453615075057
Commodity_38,0.05936797032789313,0.23537736636223736,0.2361435310310224,0.13441450795977242,0.04818066844834016,0.19607634135632648,0.09043961451440796
Commodity_39,0.15506967809972858,0.1552561357187273,0.1714102496417199,0.09571086632398458,0.21444029406781911,0.11510147768323492,0.09301129846478544
Commodity_40,0.029430248502340814,0.14063567120714016,0.0886486736482496,0.10790925269325094,0.24009428815637435,0.2264992956774074,0.16678257011523678
Commodity_41,0.11642865634887305,0.19696884873134798,0.17500196371839805,0.12964106440425394,0.17980691821254816,0.1276273929000743,0.07452515568450448
Commodity_42,0.20734642200658726,0.1952478745761219,0.11229630373950969,0.04089512715120078,0.09689751432985955,0.19996614444703875,0.14735061374968214
Commodity_43,0.2124237482312944,0.07741375338762033,0.1388733645545326,0.10381048937991671,0.05191826223434728,0.15496392968082306,0.2605964525314654
Commodity_44,0.16271612941059302,0.17918191418794224,0.11709158093982483,0.11266384542018422,0.19530258358227126,0.1209895167605729,0.11205442969861143
Commodity_45,0.24814623726273333,0.07826974532760332,0.08534256583581734,0.17986871847768893,0.09502091600487694,0.16949387546674097,0.14385794162453927
Commodity_46,0.15387605351145975,0.12521358480682404,0.16909509472494558,0.0675534005945763,0.08703574548418784,0.2027640444845337,0.19446207639347288
Commodity_47,0.07857354090332179,0.23373791180938722,0.12464044282271233,0.23325294499668822,0.06055222970592987,0.050910764474213936,0.21833216528774665
Commodity_48,0.023259624340894416,0.0837837991928535,0.2418086445576682,0.09546648716100167,0.24329321615610555,0.2644008801677979,0.04798734842367879
Commodity_49,0.18199573387424117,0.2567068314719761,0.04490180509365737,0.04689952897417031,0.18317857358351297,0.11612739997528365,0.17019012702715844
Commodity_50,0.21143614473877834,0.18203170912272248,0.040756613390869,0.23130191473892556,0.09480836854313882,0.06377433292157936,0.1758909165439864
Commodity_51,0.13150114805720056,0.22821040027325343,0.25977315817590235,0.20537278577293563,0.03391006475701456,0.10185503093607559,0.03937741202761781
Commodity_52,0.12647894542354804,0.18553478182202354,0.18906063772890544,0.04624932887596675,0.16780802750738447,0.14709979262297093,0.1377684860192008
Commodity_53,0.24868284508311542,0.09551869430875884,0.06682434361071311,0.1684822760976538,0.16497909832564725,0.21968325333899844,0.03582948923511315
Commodity_54,0.11558866840877986,0.1524515042939746,0.05863573961593963,0.1304565333223916,0.24946617782116964,0.13600994385996495,0.15739143267777989
Commodity_55,0.2029900526626192,0.24540462213665248,0.21020750548532557,0.059294462721656914,0.12303797568837427,0.11253429164641092,0.046531089658960675
Commodity_56,0.04464478205197596,0.13904893782116667,0.09911284336275449,0.17309610922294436,0.20678699426740632,0.08878006102272269,0.24853027225102944
Commodity_57,0.2570074582642489,0.18851545269628145,0.27439083834597267,0.0924446235047054,0.03840702027774788,0.08580979791020206,0.06342480900084159
Commodity_58,0.0570085979222659,0.18766016266840957,0.1365764568851516,0.16917109816509396,0.1609892049944906,0.12996804469942586,0.15862643466516257
Commodity_59,0.09515342445860542,0.11288523329393671,0.20958687424587155,0.16646739651412756,0.07508473990613099,0.17939939896693927,0.1614229326143886
Commodity_60,0.15872792945844552,0.20222116326768513,0.1372264004343869,0.11303921471475817,0.12074704461622898,0.1754494123578833,0.0925888351506119
Commodity_61,0.17350584150827086,0.1319782614999411,0.1900025366603963,0.1796858190860814,0.126064592277303,0.13613304127268447,0.06262990769532287
Commodity_62,0.1056882908686394,0.22638618609192632,0.18584081083667925,0.20347467933446306,0.14700634198069285,0.038873102696235326,0.09273058819136391
Commodity_63,0.23733604919822093,0.3058890483405005,0.12528998184047563,0.15990340361645228,0.06490849896817831,0.07248363571309997,0.034189382323072386
Commodity_64,0.08368221118877477,0.1665444150389683,0.20046704818627004,0.06049293536370704,0.13750950361018063,0.15208548705887706,0.1992183995532221
Commodity_65,0.20246489131739204,0.10003523402973248,0.18513415474808978,0.11938979421547981,0.08542779924133985,0.14512308671617632,0.1624250397317899
Commodity_66,0.08283346173181007,0.18869448250968826,0.12416312193357387,0.08243397907347051,0.06992836253072346,0.24330266082425123,0.20864393139648255
Commodity_67,0.1481046597116817,0.12384015138906049,0.23055820427421164,0.18771607961413023,0.05162636439933887,0.22909432421861162,0.02906021639296548
Commodity_68,0.18828411789178434,0.11231417725891596,0.21798290057259498,0.1133236715705871,0.14045088995159802,0.11367436399794051,0.1139698787565791
Commodity_69,0.04302186786006368,0.10728263759182588,0.0887504575921684,0.2720835947101462,0.18600262534021308,0.11805495094012965,0.18480386596545317
Commodity_70,0.18018470117458943,0.05279402490563782,0.19696193364241577,0.1742380838928831,0.18872145834726414,0.137348360257246,0.06975143777996373
Commodity_71,0.045631813329521195,0.12877253408215802,0.19229824629681797,0.15585701532922464,0.1891383732485895,0.1654600652348985,0.12284195247879016
Commodity_72,0.12520807831415032,0.13847150408772665,0.213383435635289,0.04896828373197708,0.13197059690105653,0.21283954851108403,0.12915855281871633
Commodity_73,0.17585736862070234,0.2401285383379952,0.251765984529581,0.10899119880218275,0.04149927050025914,0.08626617308637445,0.09549146612290524
Commodity_74,0.15395412878538758,0.1521011689383966,0.09639382548445273,0.1554693947590708,0.19430802796430394,0.17259586060852353,0.07517759345986458
Commodity_75,0.17696779544178248,0.12507881835456847,0.20967562825926098,0.14234291670739035,0.07810011045456057,0.09004594289805674,0.17778878788438043
Commodity_76,0.14164877311072008,0.14676917542637644,0.15722926717403543,0.2051377496532807,0.21779640448054202,0.08206594017190269,0.049352689983142586
Commodity_77,0.02288385504504587,0.1011284860661678,0.24856766625167862,0.17827881717647698,0.07552069049004376,0.20374833619479354,0.16987214877579337
Commodity_78,0.15431813032058211,0.1626917357093611,0.08711641224159587,0.18604629832639746,0.10724952494264911,0.14484774785367924,0.15773015060573503
Commodity_79,0.1547796224449949,0.1811126140771852,0.11286584566230908,0.14117805049871748,0.17723359486996496,0.18627511527003784,0.046555157176790325
Commodity_80,0.10847058609003765,0.1819051559030489,0.13448905337626305,0.08345385046281613,0.08681192917888746,0.19179002485276717,0.21307940013617957
Commodity_81,0.13159432844856028,0.12841527400977304,0.03197611050779517,0.12027179641561506,0.1838355491573928,0.19664194601371035,0.20726499544715338
Commodity_82,0.17018278524688968,0.17405147956082723,0.2034888695736895,0.0462468332731749,0.16995955270168328,0.12470998067241368,0.11136049897132178
Commodity_83,0.13819754211000143,0.10402160002144747,0.12745648788645175,0.2899045416283975,0.1678152063297446,0.12279808503601357,0.049806536987943545
Commodity_84,0.2345715134941553,0.14902370940730547,0.04308570615950158,0.11758811158216378,0.084764795616851,0.1403017712355875,0.2306643925044353
Commodity_85,0.14048774597574057,0.12382423766378882,0.13025645262667074,0.04264438644711736,0.17788502157432753,0.19775148077476007,0.187150674937595
Commodity_86,0.14681131299545788,0.2069564642242419,0.19427650139472968,0.21464917483036763,0.023628743832358207,0.14411012150862212,0.06956768121422252
Commodity_87,0.18806737317160901,0.07349718980499849,0.09125304114451431,0.1362324898486535,0.18534916162412132,0.14856721253153404,0.17703353187456927
Commodity_88,0.1845684028712546,0.20922063411911707,0.07726047593895047,0.09478683680211139,0.18007662876065178,0.1801004140051467,0.07398660750276798
Commodity_89,0.11452631647688291,0.09090853033729505,0.1121987915531244,0.19848957714233031,0.2059437150875791,0.24739577914285607,0.030537290259932143
Commodity_90,0.13139198611212694,0.11332414993745268,0.15694600724224755,0.20998264749918533,0.14332030129368903,0.03178056735488257,0.2132543405604159
Commodity_91,0.1942359223624482,0.15540845842097264,0.06011913827395057,0.26619054111876955,0.22022069693769508,0.06382862671806765,0.03999661616809636
Commodity_92,0.11125526755508855,0.21828051307972843,0.08848512694408724,0.09442005272687767,0.1688911173072499,0.09155003983328237,0.22711788255368592
Commodity_93,0.1730082661142219,0.07729302982385075,0.21569133479261318,0.08916023632305521,0.19660070696844995,0.04797014626359914,0.20027627971420986
Commodity_94,0.16312807139743712,0.0766655845589027,0.17352873670873237,0.09952649777739257,0.09287050907879814,0.2900052537346219,0.10427534674411525
Commodity_95,0.031730210359305164,0.11319697880843982,0.23352194547584784,0.2740236172711048,0.20174535095762966,0.09735365421751593,0.04842824291015689
Commodity_96,0.19225039071988,0.13051795560926813,0.16519875960957378,0.2877004626406703,0.040124630213901585,0.04513349611943341,0.1390743050872729
Commodity_97,0.02481282392843436,0.25016605201364783,0.0827949831744869,0.12379818749548373,0.21385028986317176,0.12026524409342385,0.18431241943135146
Commodity_98,0.10196776709431522,0.1833175357823032,0.11310278310610401,0.16936588265317837,0.18363611655157713,0.13623353533363347,0.11237637947888851
Commodity_99,0.08098106568861531,0.18499766730973502,0.26285754857633403,0.15129971810055037,0.15894406290830662,0.09786588463444741,0.06305405278201119
Commodity_100,0.1395657116334223,0.23001948442314302,0.13948920692697633,0.07432860636565822,0.09422256790784807,0.18167965212700965,0.14069477061594232
Commodity_101,0.03566205076675707,0.23957779175787997,0.10021598246717688,0.1135274786521614,0.11430308650218411,0.19801484267684566,0.198698767176995
Commodity_102,0.1830328125258801,0.14245939579898795,0.0815757095747877,0.1021871116235202,0.2147504030800488,0.1535191865747153,0.12247538082205996
Commodity_103,0.1595513837436615,0.18304954297459752,0.19340084759010998,0.23633174446705732,0.08090828867052481,0.0840775626147916,0.06268062993925733
Commodity_104,0.09081965823612435,0.15985262566529237,0.16341014027470765,0.17078580563275533,0.18343644419510866,0.14284810100410472,0.0888472249919069
Commodity_105,0.029280908277524484,0.10174179013079479,0.03462221239494186,0.29009967190604785,0.29160538227711236,0.06533466793527934,0.1873153670782992
Commodity_106,0.13584876216182665,0.2927896590251499,0.16050867346098047,0.1593760582318587,0.1678631989099647,0.04673580603990606,0.03687784217031347
Commodity_107,0.10479446065436601,0.1519542427259263,0.18882287564573585,0.06262821577361659,0.19143183799428493,0.21339709299432563,0.08697127421174469
Commodity_108,0.11481937344352836,0.16806226366109775,0.0827628269153082,0.10824355873102837,0.1625997580395228,0.15146407439184156,0.2120481448176731
Commodity_109,0.2002979815644158,0.20016441433840698,0.08298341826030127,0.1483349147237221,0.07017776552176397,0.17702004712230263,0.1210214584690872
Commodity_110,0.18555307685098085,0.21554407817719098,0.23749965699018802,0.07822387854228138,0.07076420704249282,0.13891756048710385,0.07349754190976213
Commodity_111,0.16828511355847586,0.09969120278325834,0.24649412068614054,0.09807132800935958,0.04703824083346137,0.13590466293184825,0.20451533119745588
Commodity_112,0.2032607660171662,0.10345435006537264,0.04090234955539414,0.09853890514781219,0.10962388649429379,0.2560068530160957,0.18821288970386532
Commodity_113,0.0806777058295457,0.16182428563366758,0.06289404493458685,0.20964376017196384,0.25543929097221935,0.09960813895931117,0.12991277349870564
Commodity_114,0.16401437970973287,0.09573875891451536,0.08749994379868642,0.162412871961884,0.16920054992802167,0.11588929835944645,0.2052441973277133
Commodity_115,0.03506998179417243,0.21697989452757865,0.18954351479141998,0.21636250785051825,0.09420918619794282,0.07328328409405196,0.17455163074431587
Commodity_116,0.19213159223220744,0.10702067612793509,0.03432266892712696,0.19138983035870263,0.07740146226148419,0.19640658730383742,0.20132718278870615
Commodity_117,0.10623340254318928,0.2181588485992632,0.04859562478809055,0.23381128420172875,0.054130220542564667,0.2536617696725882,0.08540884965257542
Commodity_118,0.17096902570010822,0.07404530992177269,0.07710168689809124,0.17538203782870126,0.05305240066933193,0.1816201254203601,0.2678294135616346
Commodity_119,0.12724111237581348,0.0910314616676059,0.1459312304121978,0.09875866800526391,0.19585108149252634,0.18891277097294085,0.1522736750736517
Commodity_120,0.10314992146008395,0.07851227312284327,0.08980813641010571,0.1366482196265399,0.23618616460886332,0.20821155986199616,0.1474837249095677
Commodity_121,0.029141104721495087,0.20236959111471492,0.13996488535814952,0.22069745753748052,0.03656965014261462,0.22415036211717973,0.1471069490083656
Commodity_122,0.09344114046691178,0.1652092589104431,0.1608185086421547,0.12074207446497112,0.16009819491739571,0.14076012791653253,0.1589306946815912
Commodity_123,0.10026639631084162,0.24539461895970507,0.0488266767043166,0.09682796105440873,0.29676255815402475,0.13719861564228747,0.07472317317441592
Commodity_124,0.12178621408430888,0.1360294446329911,0.03782075729082198,0.19605186238157848,0.1840432624074484,0.1735075740373993,0.1507608851654517
Commodity_125,0.05302841655679236,0.23674612944011691,0.13963908317824195,0.15302696992256482,0.18561818750244946,0.1785683834529903,0.053372829946844176
Commodity_126,0.16988426835708184,0.07039027320938525,0.1672490061312538,0.04650720086909304,0.18646285149526168,0.20393007768030336,0.1555763222576209
Commodity_127,0.16790404972886624,0.13472175881952683,0.1826350415707653,0.1827120651633154,0.14804243158786892,0.08066012485430792,0.10332452827534952
Commodity_128,0.04532161448196817,0.25461561939170874,0.10040617893203352,0.1642693312497273,0.037513461987555306,0.26043354540463487,0.13744024855237216
Commodity_129,0.19080812906952554,0.172791147949083,0.08871828293788868,0.1740580306315674,0.037332835692280596,0.15626465046789517,0.1800269232517595
Commodity_130,0.03212172356450942,0.29562850947946934,0.08316622120265979,0.1873506905632191,0.19103967547515804,0.1722538285538261,0.038439351161158195
Commodity_131,0.19738964707545137,0.22917542448617445,0.07769781378165432,0.2309450955693214,0.0667874076286887,0.07427032889935914,0.12373428255935043
Commodity_132,0.15444058535370533,0.14144173186002298,0.11346062358799626,0.23490875840574965,0.07627658584269556,0.11053155213547323,0.16894016281435706
Commodity_133,0.2371608430140733,0.2878031181469234,0.07411699550677521,0.05106406512678341,0.07736523052693262,0.19726736968868486,0.07522237798982727
Commodity_134,0.21031325157164604,0.08736251089004042,0.1930119253821137,0.22330992156101817,0.10062446393976446,0.039061485836400255,0.14631644081901696
Commodity_135,0.2546344684561776,0.24264948576249248,0.07756148562027401,0.06680796762159565,0.09511983883316126,0.16050926224410306,0.102717491462196
Commodity_136,0.19542561977128287,0.12182696036629348,0.11938413440509861,0.15191655101610224,0.2087995813827823,0.1528132853731968,0.04983386768524379
Commodity_137,0.04769244563331224,0.2968003700207798,0.15544626169112244,0.09944773833398429,0.1472216115033696,0.1505865770415034,0.10280499577592817
Commodity_138,0.1154831128513405,0.11986684741550062,0.05736907951988457,0.13511783351693402,0.3016381294242212,0.07872599460035516,0.19179900267176384
Commodity_139,0.14939932559621746,0.1596089281887743,0.20003582278838974,0.12532861422509006,0.15520658229911252,0.10668723619126345,0.10373349071115262
Commodity_140,0.16536283822170456,0.1885752298134379,0.15518292912288503,0.07655178982821562,0.10721137175503433,0.17854502076697593,0.12857082049174673
Commodity_141,0.037731368069926004,0.0794522405046929,0.28133744776210307,0.21708648132064867,0.27186154660534656,0.06805959242032454,0.04447132331695825
Commodity_142,0.05919537632647934,0.0884882313042708,0.13759616218471515,0.20088209042983682,0.14811999517890437,0.11899655808755104,0.24672158648824252
Commodity_143,0.11021208149494427,0.23965680865547664,0.07867374499192949,0.12083130223191241,0.04075757727881359,0.2332206158409356,0.17664786950598804
Commodity_144,0.2650185736667233,0.13294042348269333,0.032211941913719164,0.18158838150203313,0.16322112545859319,0.10133798803265469,0.1236815659435832
Commodity_145,0.2006868688403459,0.192894811328738,0.09025651263587346,0.1343419976800676,0.08463226251232138,0.18273535698130364,0.11445219002135
Commodity_146,0.09021633333894513,0.16388060536095983,0.2452894994293429,0.2200856451678649,0.07717591463528833,0.11653902940140386,0.08681297266619499
Commodity_147,0.08294615556740234,0.10660523585512449,0.18672145332162401,0.1806230532238673,0.08564164724638157,0.16839900631172905,0.18906344847387113
Commodity_148,0.11706754527380346,0.1855610792918929,0.1893385152914286,0.21124568595159543,0.058798260263646984,0.1592574333229479,0.07873148060468468
Commodity_149,0.11333266981924267,0.154186210821395,0.13558920440548108,0.06678269851718363,0.14146294574541368,0.17587333979004044,0.2127729309012436
Commodity_150,0.18077489784982412,0.20053645334727999,0.05363855655933091,0.15307015108252725,0.1529759633300225,0.08872380163761866,0.1702801761933967
Commodity_151,0.1961559758388654,0.21025783274895152,0.22922204226301995,0.13846427612625947,0.0426443326889878,0.05554318958879579,0.12771235074512
Commodity_152,0.19694796999556954,0.2263004217620086,0.09945971201011468,0.1580389912653895,0.10099747714468382,0.04010734212792902,0.17814808569430482
Commodity_153,0.20739419949095841,0.09198290376361044,0.2064008150924741,0.16529118811971,0.08319818415783305,0.047940068456953144,0.1977926409184609
Commodity_154,0.19328584427589834,0.18187386063855585,0.03585911816808981,0.12412198643629245,0.23480546415318876,0.13015088556904242,0.09990284075893222
Commodity_155,0.1800775853292103,0.2467800005758047,0.2524052220690142,0.12797313783527425,0.034270429262942104,0.07360196362658603,0.08489166130116825
Commodity_156,0.10759832372052869,0.08742429268768095,0.15192161752624508,0.05786106598848089,0.12077969662447378,0.2493465265201439,0.22506847693244666
Commodity_157,0.20640922520208302,0.22861148155794242,0.07204779952812743,0.09807211011260801,0.21005476830076522,0.08554815507953588,0.099256460218938
Commodity_158,0.16555450002286468,0.22609326818209483,0.10356232476558952,0.2326152043811525,0.07220719087950923,0.14263428809501963,0.057333223673769564
Commodity_159,0.1931617351157553,0.14687818943770278,0.08337101846761087,0.10806343782448738,0.1014034680040384,0.18058294743610595,0.18653920371429938
Commodity_160,0.19009915645394418,0.09088061255586595,0.22407207081333227,0.04861183621519597,0.07825001059966984,0.17133078329990273,0.19675553006208904
Commodity_161,0.1349043185632941,0.2501237927424024,0.08573347554056925,0.12886966568662023,0.11393728574893491,0.05421945762796299,0.23221200409021603
Commodity_162,0.11950177122270095,0.1772220331928433,0.05190351847977992,0.0774135977518952,0.17460558737066512,0.22373036261287568,0.17562312936923982
Commodity_163,0.16996490639873857,0.20474715935206714,0.18682156939358577,0.03133113932936307,0.18845192806050415,0.038138459777838016,0.18054483768790333
Commodity_164,0.03160870274309724,0.08870482482648835,0.09778635083403033,0.21320111780275394,0.24573647862657802,0.1782382797627788,0.1447242454042734
Commodity_165,0.06067957707064043,0.1176512357977167,0.16668852795122316,0.2095848852083915,0.19365208095508904,0.032220115159215176,0.21952357785772403
Commodity_166,0.22626725150841964,0.09505827806853681,0.224128052254794,0.12540604113978876,0.08757687212002481,0.1409079067152359,0.10065559819320007
Commodity_167,0.2489708424326107,0.17195408650196334,0.09233267330981045,0.12554985329720303,0.14644885263104454,0.09882848107230754,0.11591521075506052
Commodity_168,0.17614578581479004,0.12436078591806801,0.045595557522090956,0.07763679725182208,0.05900665211930127,0.2789177744167751,0.23833664695715254
Commodity_169,0.16407051093710023,0.3188554224064526,0.056220088211345595,0.12685499589621257,0.2571327856353588,0.05204873450930204,0.024817462404228136
Commodity_170,0.18033324559385422,0.17278588521836666,0.13332101646843006,0.07542315507902797,0.097772114466915,0.18829714825335933,0.1520674349200467
Commodity_171,0.07314448955430046,0.21056959698626151,0.1570100149244918,0.2213439784718148,0.08468220432849444,0.05652647190454746,0.19672324383008952
Commodity_172,0.11814456305177477,0.11171083455267578,0.1826135685970152,0.12221122739043903,0.16169587326420382,0.12064735051249663,0.1829765826313947
Commodity_173,0.12038954460509606,0.0856679182233784,0.21051808254878718,0.19150341797196785,0.09741446587621246,0.13922660271354026,0.15527996806101774
Commodity_174,0.2691485837392184,0.2841836327418182,0.2112018556507889,0.04521576543018454,0.07198511427617753,0.09459354413845793,0.023671504023354457
Commodity_175,0.11489046754234726,0.20318819662585286,0.18193665244201573,0.1696388703268501,0.07463138793773694,0.1448349351371745,0.11087948998802269
Commodity_176,0.03684157209795446,0.24715537288009978,0.22343459470830793,0.15282976043925117,0.049157534167047455,0.14766173534162869,0.14291943036571053
Commodity_177,0.10372308449615258,0.20216826206400218,0.12639751752286757,0.13570737640853717,0.1949809375340819,0.20229556043918526,0.03472726153517327
Commodity_178,0.20168143580347722,0.11762018174887805,0.08218586588537377,0.20370034083212124,0.16599355300646465,0.1034533354373398,0.1253652872863452
Commodity_179,0.023138613699961962,0.12926219169498177,0.15743772898594807,0.179469833479814,0.1353517445991746,0.2536286575167878,0.1217112300233318
Commodity_180,0.1351584741279637,0.14365220178625818,0.17673760688495996,0.18574996551197062,0.08326394149946251,0.1400346813970153,0.13540312879236985
Commodity_181,0.09719614875842647,0.1506420674848319,0.20167696240078706,0.03639156387391838,0.13116909405028465,0.1967467648775724,0.18617739855417917
Commodity_182,0.0707186497621845,0.11615092208899602,0.2534669667680979,0.12337465213946991,0.17294861001295397,0.2191586111988508,0.04418158802944696
Commodity_183,0.08556268140800723,0.07097796179187048,0.19822989419866333,0.22534448184500022,0.06399807275342259,0.1972419590134066,0.15864494898962953
Commodity_184,0.16457388451015859,0.17467866275964916,0.23323655034630086,0.04791891146584606,0.20156388392156163,0.06730173346136709,0.11072637353511657
Commodity_185,0.09676027690810386,0.21683327712131595,0.1620717838130562,0.056364762327729245,0.19919668063353385,0.08436918562027935,0.18440403357598142
Commodity_186,0.09267485841766013,0.24731598631199297,0.10234965887108954,0.18924032073010172,0.13329147000380662,0.14943838849493432,0.08568931717041477
Commodity_187,0.1522959511297379,0.09706412879486657,0.18794073672056083,0.19452362267629347,0.028376770351892486,0.18661096490676865,0.15318782541988013
Commodity_188,0.12181155995513519,0.29316673211245503,0.0782189918824683,0.1866841437679332,0.12791929549249553,0.059573306314057745,0.13262597047545513
Commodity_189,0.10760071755760355,0.19053629431142904,0.07551229971596865,0.20075810183120865,0.05262340480689174,0.18550936463454976,0.18745981714234874
Commodity_190,0.1689771311453724,0.12073057657378214,0.1023986909502928,0.277679384991243,0.05142625881185713,0.2251635848052764,0.05362437272217606
Commodity_191,0.18015740748183473,0.2083033589763447,0.11362356176238922,0.12584582643433684,0.09724950609214071,0.20189583208263526,0.07292450717031866
Commodity_192,0.04693632416058025,0.23614350641552495,0.19534826018897683,0.1260666078644888,0.057017542135661445,0.08991338423489156,0.24857437499987597
Commodity_193,0.11882929273438347,0.06489434631834498,0.20225374220377315,0.1650538208090307,0.20330037669704393,0.04580560756519699,0.19986281367222672
Commodity_194,0.06764629543302408,0.13472535679004863,0.06061236334486485,0.10063594410916041,0.1540264334986638,0.22832803887810207,0.2540255679461361
Commodity_195,0.14783857050524518,0.13283843116195632,0.07403004733937513,0.21919609113890784,0.042940333312215376,0.24322310371431496,0.13993342282798515
Commodity_196,0.17256273193180838,0.22763476866881308,0.16650475399101228,0.06437150442432878,0.21109962906804822,0.06674515752462158,0.09108145439136775
Commodity_197,0.08415620970206586,0.14684864597761954,0.17483103524786484,0.22401071498597966,0.06375831243763089,0.1571048361708585,0.14929024547798056
Commodity_198,0.026669473938073625,0.18648777333098557,0.08939026690623916,0.14310168209984717,0.048913957073924506,0.21596713731079442,0.2894697093401355
Commodity_199,0.20298264603739152,0.16180029079361372,0.10980186080565019,0.2351933951031116,0.1795176872905482,0.03546103854040125,0.07524308142928358
Commodity_200,0.09258348932092637,0.23227545199478036,0.22396856557582592,0.12719809543310523,0.07083184915367263,0.20060242748491217,0.05254012103677735
Commodity_201,0.13635124936335039,0.1726372528528258,0.1727667382377508,0.037172550585753264,0.09337527333692396,0.1876717791145042,0.2000251565088916
Commodity_202,0.1612625043440527,0.10479544866115724,0.1214551141332243,0.18904216333408838,0.15857429945332888,0.08860100090682028,0.176269469167328
Commodity_203,0.14288888886943915,0.15296893381498974,0.05262703680452378,0.31816611013084956,0.17407576604697497,0.09643614343824546,0.06283712089497745
Commodity_204,0.1320783629384816,0.28215575727726316,0.09551760603195936,0.05300847286858608,0.14265575413439008,0.19956396811950264,0.09502007862981704
Commodity_205,0.11758258034163979,0.05409028494139863,0.18637890330013734,0.15288583420992047,0.15048779679147664,0.1635666749542959,0.17500792546113125
Commodity_206,0.1480472294972398,0.24248779519655517,0.23500461689562988,0.060468980568606626,0.07033878325476094,0.055088273565618566,0.18856432102158904
Commodity_207,0.12137783920277818,0.08214562168175692,0.17045737358759167,0.15110890055642623,0.1441478185428081,0.16964968082896553,0.1611127655996732
Commodity_208,0.14456880982890308,0.11308139894200969,0.21137830145494485,0.11654728671814735,0.15979634673766513,0.1149613793594561,0.139666476958874
Commodity_209,0.16066445606884977,0.25418966278697436,0.07969337466933184,0.10010643874877594,0.04857656456914941,0.2906447593230547,0.06612474383386392
Commodity_210,0.19449409106229035,0.15973384637083976,0.19008531031452203,0.057526361266995174,0.1383038552032584,0.1525127756428454,0.10734376013924898
Commodity_211,0.21748170678929954,0.18225918745482236,0.21916432455703772,0.05338897293784792,0.21635826603447858,0.07683898486286041,0.03450855736365367
Commodity_212,0.19256985744278995,0.2104135979205892,0.14573961176711162,0.1325699199873992,0.06317074724416079,0.1841635651182127,0.07137270051973654
Commodity_213,0.21152585666187487,0.24734629668208336,0.061240919090570944,0.10472087471179621,0.1784444343196228,0.08879691462796452,0.10792470390608713
Commodity_214,0.2510418549280112,0.1884123385824279,0.06476126942875077,0.13697632206344287,0.05757222962023112,0.2509748198156822,0.05026116556145407
Commodity_215,0.3183559426899358,0.19795623546702404,0.04577215023189549,0.05292828672337629,0.0628633715280829,0.15319841590103664,0.16892559745864894
Commodity_216,0.03335746974963594,0.21872881854966983,0.17809846576810998,0.14671894455047307,0.17690524144629702,0.1940891899882726,0.05210186994754151
Commodity_217,0.1879152342606613,0.18075705964584032,0.18524668446696038,0.13922294368529028,0.11363735679954372,0.06773463805915486,0.12548608308254905
Commodity_218,0.16845625238309644,0.12238375957467372,0.2687962132409486,0.1134340218687601,0.09773639165494463,0.07233422368899547,0.15685913758858103
Commodity_219,0.17485438551370666,0.13696441920967967,0.16020974995731815,0.08106265736054089,0.22722561398926128,0.16744221755260816,0.05224095641688498
Commodity_220,0.15097394622041557,0.2663045878763965,0.11771719810301742,0.12899026563217122,0.04844367597339037,0.09513685166072391,0.19243347453388504
Commodity_221,0.1499274933908282,0.2759304798123787,0.0935840766740753,0.10814037932649027,0.25414363794435363,0.06806316295862355,0.05021076989325034
Commodity_222,0.13946301987316018,0.08980285387652688,0.1246524297021059,0.23425911347691816,0.13497361295283591,0.24298848049659766,0.03386048962185519
Commodity_223,0.023371579416864963,0.08116318969230683,0.20287036168851338,0.21643107443994647,0.1487046979170046,0.19901036576683914,0.1284487310785245
Commodity_224,0.018334981413697545,0.17941882863428074,0.16555716896977968,0.17134393116344893,0.19244970441988335,0.11557083737882931,0.15732454802008045
Commodity_225,0.11150576735896701,0.06488222193378838,0.17134600879078224,0.2531167936258407,0.053019062882501376,0.13421048807967886,0.21191965732844137
Commodity_226,0.175100678059319,0.1254211671400412,0.1020552662613851,0.1923007849137918,0.15233104059519673,0.2133191669409985,0.039471896089267655
Commodity_227,0.026119058608743476,0.23337129856648203,0.15831485066927628,0.1484641411940977,0.20235133494106008,0.05177110085264063,0.1796082151676996
Commodity_228,0.04194094532701864,0.11921125567358179,0.18557928432177664,0.17584985774895937,0.1278498389614177,0.2475048028503533,0.10206401511689248
Commodity_229,0.11063627778737739,0.2718403960327983,0.06331707963288431,0.0680142149092018,0.18098812974344972,0.2351822764092242,0.07002162548506423
Commodity_230,0.15756477335302782,0.14760946909352685,0.09746583679421815,0.1019489802992533,0.1409573050045482,0.1935107295809729,0.1609429058744528
Commodity_231,0.07894221371755397,0.19815177287363256,0.15419635630002904,0.07270930931846768,0.09857469090190796,0.19356546411067949,0.2038601927777293
Commodity_232,0.11504225611239699,0.08793076133852157,0.1258063689663525,0.26380165883486184,0.04976042344648136,0.21828761670573504,0.13937091459565065
Commodity_233,0.060385831854337164,0.19336653058962422,0.0434912743101938,0.24116411299209686,0.08112206087692299,0.061423455472620264,0.31904673390420457
Commodity_234,0.02561720548543616,0.1241331957980094,0.23204853094785036,0.2215720839279549,0.12523283833062396,0.07909845098192368,0.19229769452820136
Commodity_235,0.02821139320000854,0.07317968091836095,0.11876655403394971,0.2657462540332707,0.19830800565007747,0.2595607708274529,0.056227341336879934
Commodity_236,0.20805298198287425,0.1735560555359293,0.2072452265473657,0.1860804936384346,0.030105215581197532,0.10381654703682243,0.09114347967737618
Commodity_237,0.12950760198279124,0.1373812250068787,0.15653678726504025,0.10786012905105015,0.06601637337210689,0.16580315936801038,0.23689472395412234
Commodity_238,0.036704763546625295,0.1819509491057717,0.26663368647782837,0.08297292704605211,0.04041600478717301,0.29829398973970545,0.09302767929684408
Commodity_239,0.2030783087533132,0.11905932227589729,0.2115712624435127,0.14810498574780262,0.060623825547781146,0.1322457608856073,0.12531653434608572
Commodity_240,0.17769397783716,0.25260513596073964,0.08667818938044114,0.12611791213635,0.15727244554730632,0.06272874337766707,0.13690359576033567
Commodity_241,0.223032495602223,0.19684906247133535,0.03594577127872222,0.08461724882190576,0.18498779126711043,0.16218182596038477,0.11238580459831839
Commodity_242,0.047491771129960114,0.07455756317994368,0.2519948806630878,0.25558163478761853,0.05776362244726578,0.22744519918162506,0.0851653286104991
Commodity_243,0.1819301706816116,0.15424500609497865,0.13232519922448127,0.07266401179585198,0.11391347598920407,0.21574189653525785,0.12918023967861444
Commodity_244,0.0962649737800946,0.1343927990310596,0.21340344062312322,0.1484219078719457,0.1886475998067664,0.04658980395328842,0.17227947493372206
Commodity_245,0.1864795517412782,0.11608304345577021,0.18172403108513438,0.18855753313214615,0.07718201565790692,0.15958431270606727,0.09038951222169678
Commodity_246,0.04412816090616862,0.22934631887357806,0.13010471668291965,0.2587293173102251,0.2706819038969936,0.04181746256586042,0.025192119764254485
Commodity_247,0.1063395724680484,0.22290565879780833,0.1279631867273312,0.273074934718678,0.03964291929394856,0.10852213838906516,0.12155158960512039
Commodity_248,0.24442931267866433,0.18490741946353847,0.10456766495599212,0.1844271912855666,0.03432903731065139,0.17259324392380437,0.0747461303817828
Commodity_249,0.05725555849075119,0.14314435353357033,0.18736297498975066,0.11719048397055279,0.11281450352254231,0.19162049801768447,0.19061162747514823
Commodity_250,0.16089558132105228,0.25112478010256606,0.12023506114165644,0.06860276042951709,0.18077894900365246,0.12939861140909822,0.08896425659245757
Commodity_251,0.04349104350523669,0.15646323937186352,0.23422075148378135,0.17202398025499074,0.15486107064918575,0.18825961207307992,0.05068030266186199
Commodity_252,0.139171663033162,0.2202554851995335,0.02950168544088282,0.18680788318308061,0.183853530051463,0.11188863839362544,0.1285211146982525
Commodity_253,0.14182305544156254,0.15902069191546367,0.1477510001404816,0.17249320352439534,0.18194074397675877,0.02707138376673289,0.16989992123460512
Commodity_254,0.17005585934690837,0.13632626072678586,0.13689002952778367,0.1548490952051337,0.03782589265554034,0.16488745570614358,0.1991654068317045
Commodity_255,0.12012741360332192,0.28615036351552137,0.1765775417799443,0.08446818955433111,0.18781578897205073,0.06709833447901761,0.07776236809581306
Commodity_256,0.16197497894529847,0.17322270044280527,0.14643037217794344,0.15536830266082016,0.1661695147305265,0.04758930130013083,0.1492448297424754
Commodity_257,0.25932263716033327,0.13591613765448748,0.07019267933361517,0.24919475841026034,0.21227685682452013,0.05008938764596199,0.023007542970821724
Commodity_258,0.04244763124279488,0.13962852140635473,0.2071040721417664,0.24953268251672733,0.07462936253381522,0.1864043791679685,0.10025335099057307
Commodity_259,0.12133201030364817,0.18868471992010705,0.11795639439167285,0.15931168775152257,0.11110270341055069,0.11868327760592721,0.18292920661657144
Commodity_260,0.17910390832282697,0.1378313683370427,0.09025029554404093,0.2110042246490878,0.10810833152755236,0.22701316113394437,0.04668871048550503
Commodity_261,0.05859470445644232,0.12289652740490199,0.1108208012812666,0.24033199353760765,0.17193535027159615,0.10458808054899357,0.19083254249919185
Commodity_262,0.10063147473314352,0.0951382818553418,0.13197758009618318,0.23625549325742481,0.14979877558756183,0.10213838477898622,0.18406000969135866
Commodity_263,0.15564264177526088,0.20649809090611906,0.046392820714761314,0.33704542815916805,0.05987213727848162,0.07376623288007045,0.12078264828613862
Commodity_264,0.2082716757431811,0.16485629018193027,0.21593403400918565,0.12272122853659953,0.06836624919397964,0.051973601438123254,0.16787692089700065
Commodity_265,0.1029917125546098,0.2007191941003856,0.08857093351490827,0.1571866775632703,0.19756506334313778,0.11444184856429303,0.1385245703593953
Commodity_266,0.10388765338997648,0.12024117767511636,0.1970217164741023,0.0939602693521752,0.13832992788927498,0.13851894743865062,0.20804030778070412
Commodity_267,0.17086842080463496,0.191080093759426,0.20315589266408016,0.10022107151302137,0.08371650918013573,0.17727709496554148,0.07368091711316024
Commodity_268,0.22603955477523158,0.21457484797310822,0.06538926472569648,0.12216286525133678,0.056602001659193484,0.1100117586328787,0.2052197069825546
Commodity_269,0.21240367894310944,0.14827874115908887,0.19565282258093278,0.1355351254850032,0.09471635289198377,0.056362481762923744,0.157050797176958
Commodity_270,0.10954429136587857,0.1570659159305918,0.2434548018608838,0.12547190311240095,0.05793544095156291,0.17266894568983698,0.13385870108884504
Commodity_271,0.08804001669278916,0.1819621989644682,0.15831228481829124,0.15994563126836278,0.14284906338690734,0.1114143159627173,0.15747648890646407
Commodity_272,0.21478353059321814,0.2542815261137061,0.04166057906798103,0.11641060530375469,0.1644544633101766,0.1747135182121801,0.03369577739898334
Commodity_273,0.25105239944748536,0.10768664307470664,0.19980022090242888,0.10181391472762513,0.0713159187857754,0.1853703955986819,0.08296050746329665
Commodity_274,0.16088169404714692,0.09528607221390681,0.15155989294169503,0.12975886433282904,0.1781211559343641,0.1611797733788485,0.1232125471512095
Commodity_275,0.13892916554692397,0.06912633642444169,0.07886583386905857,0.2322740480691216,0.11606025755174292,0.14748457069443358,0.21725978784427763
Commodity_276,0.09163058415028727,0.09632212744884475,0.18945735501376743,0.09828483026904654,0.15815447841709654,0.1523713476501827,0.21377927705077482
Commodity_277,0.19482433364820384,0.11477896987324784,0.10092392756330963,0.2534804067963642,0.09708641484571846,0.03818728013599971,0.2007186671371563
Commodity_278,0.19714251922960785,0.08794924964563526,0.03250939901710859,0.20744116743910393,0.19319532250061555,0.20048015197215158,0.08128219019577725
Commodity_279,0.08520775756299855,0.059552109413486515,0.22776904420349828,0.15016299585535617,0.09701279856749613,0.21364514966269607,0.16665014473446826
Commodity_280,0.062153828857918356,0.1466862614768139,0.2744708656985978,0.12591756904165824,0.11769802630643487,0.15234613744412046,0.1207273111744564
Commodity_281,0.07901541155806147,0.25642385329785483,0.07155838611755935,0.19521273500711508,0.07448627835235874,0.22631088886993325,0.09699244679711715
Commodity_282,0.19137222001596696,0.11170402379993315,0.07131277925626402,0.29719622386189265,0.044298301086354665,0.22166253191683008,0.062453920062758565
Commodity_283,0.16259539755075486,0.1648851064509509,0.10185906011540584,0.15352928674879476,0.13334150544328416,0.13487549877816293,0.14891414491264654
Commodity_284,0.07302979624913965,0.14805475085577988,0.14242741976327178,0.04875962690638593,0.25447221048354046,0.21685803108565974,0.11639816465622245
Commodity_285,0.2296019785805742,0.13317767828948862,0.16137026973211535,0.09657687702038156,0.16864576828554742,0.060315937284678364,0.15031149080721443
Commodity_286,0.2454971158095999,0.2350370293731025,0.1507960009918712,0.10650560491415634,0.036241501105723925,0.19561822943677157,0.0303045183687748
Commodity_287,0.17904760830191113,0.14785646988184,0.20252741654870765,0.12636007552609446,0.1739254218176803,0.04635873215924978,0.12392427576451659
Commodity_288,0.2134826521660631,0.19978275852710403,0.09584512279129613,0.2009745020796492,0.05801100463472563,0.1591370587776838,0.072766901023478
Commodity_289,0.1739223811416102,0.21606673871713075,0.17482214964215007,0.0868128163952787,0.0666763642193924,0.2439936920738921,0.037705857810545626
Commodity_290,0.09714627113958743,0.14057757303829613,0.18785705009627177,0.19691396053817736,0.2491185369410805,0.035345092856972044,0.09304151538961486
Commodity_291,0.045258427210487534,0.11021347423858156,0.054156723892562424,0.18545129036848848,0.15484226378539062,0.23407222967710958,0.21600559082737994
Commodity_292,0.13899141375964716,0.1441954594633273,0.1042264786395457,0.17794673871900268,0.2253581445619055,0.1455131875021729,0.0637685773543988
Commodity_293,0.1544050204065774,0.11745809960776687,0.1446513742734323,0.1580199999494276,0.201099590303449,0.06567676459624965,0.15868915086309726
Commodity_294,0.09294151039343751,0.31015511129774864,0.03879098702219174,0.17694908339564192,0.0792187422205678,0.07469334944508292,0.22725121622532932
Commodity_295,0.20364689309877312,0.13105107770038626,0.15956864168886667,0.14474386353148835,0.19586526949339159,0.08068516460529473,0.08443908988179923
Commodity_296,0.12114691739199199,0.15112620571549715,0.23701124780508873,0.13851642459889604,0.09128706510803393,0.06685944433749669,0.19405269504299544
Commodity_297,0.1498477170484351,0.22272844937981534,0.06656333882565262,0.2101657978059787,0.18574892902910978,0.10441457477884043,0.06053119313216806
Commodity_298,0.1967246381207484,0.07644082820135803,0.04553549207716598,0.11966595243001862,0.16312367874219189,0.13795426222562465,0.2605551482028924
Commodity_299,0.07799655946361281,0.19723545879830817,0.22371950930341103,0.07236685760399494,0.13015113067681552,0.13148521318159345,0.16704527097226413
Commodity_300,0.1457487809315821,0.2402365262518358,0.10712794453259337,0.18337730475484323,0.08664681890962363,0.2043324008601279,0.03253022375939379
Commodity_301,0.10011293744474274,0.18732164374499424,0.20399388964671528,0.08455648494250924,0.13529587160768627,0.2475360983256554,0.04118307428769674
Commodity_302,0.1943535054771293,0.17675288370307,0.19925766900728975,0.148214547669511,0.044895546944025914,0.07159366414906383,0.16493218304991028
Commodity_303,0.1997811702210835,0.13866087019413686,0.13467699423252258,0.13846407362141153,0.09877006587425861,0.23577120764161355,0.053875618214973435
Commodity_304,0.18028019582309565,0.10942538781314477,0.13737158520369805,0.09408083421783232,0.21051725013423522,0.20784205309111456,0.0604826937168792
Commodity_305,0.11076057843240453,0.3295253513954908,0.0788375113773341,0.16764361980246711,0.15451039407950412,0.1122896710993823,0.04643287381341704
Commodity_306,0.1666149415444951,0.17848266660922327,0.18957831902653854,0.185905537366229,0.06323783389140321,0.0334781527587652,0.18270254880334566
Commodity_307,0.11654588782153395,0.13784121312497055,0.21397245781656618,0.22077194734570613,0.187826012196518,0.09876186156635262,0.0242806201283527
Commodity_308,0.07577374438385222,0.2007428526068257,0.164886004976095,0.051467751768356655,0.08986461876023094,0.12452125660687981,0.29274377089775966
Commodity_309,0.19525550992932442,0.2118653499855774,0.08240588240514281,0.11518993067454596,0.1357611555601504,0.21029278107084912,0.049229390374409765
Commodity_310,0.07376339941229106,0.22947865984645519,0.09132574797343943,0.1935755678728934,0.08042756079998237,0.13168007198640672,0.19974899210853184
Commodity_311,0.02388355597494654,0.26449408876669767,0.05982039066394333,0.15129848869854412,0.07744288330895537,0.1855259520619492,0.23753464052496384
Commodity_312,0.15101173191135187,0.12367737442861931,0.13870415446938128,0.1403928019600382,0.14882945681128082,0.1477540534583744,0.14963042696095413
Commodity_313,0.04066612429322681,0.20939389794567875,0.2645136193990706,0.2290243420009836,0.11480087842169523,0.0634901628082331,0.07811097513111179
Commodity_314,0.10819777193148362,0.16505477935345197,0.2258216574159633,0.07676427665260338,0.08615222243879568,0.21651764674611415,0.12149164546158786
Commodity_315,0.11128877334085367,0.22366646420420627,0.14910670184855884,0.13680075543384457,0.16368547141612905,0.09631636328485997,0.11913547047154759
Commodity_316,0.20514579746292866,0.17640603693037246,0.15467244545620054,0.09702775136305541,0.15252155737903983,0.07992119589807854,0.13430521551032448
Commodity_317,0.12332156259082158,0.2464942528167054,0.2274608755208711,0.12103286499520174,0.0546651415422817,0.09896350864117655,0.12806179389294192
Commodity_318,0.22019884251190483,0.07287107411050528,0.11274166117580325,0.14160259332541866,0.2049370914394287,0.16827595979991075,0.07937277763702855
Commodity_319,0.23821776682325585,0.23180198807041583,0.10720954468117172,0.06444273076906354,0.059584705073831595,0.2522402927925277,0.046502971789733734
Commodity_320,0.15370929664552785,0.258338191081162,0.08036285296764129,0.161809997357489,0.03801040080479643,0.06890766721079884,0.23886159393258455
Commodity_321,0.05137171527632445,0.09600738614941129,0.3065074585288706,0.06944842308697288,0.15399495310625852,0.24604431562600643,0.07662574822615575
Commodity_322,0.030055326809237767,0.16046733812916625,0.16721536240337986,0.20684498019023856,0.0506467212143906,0.16471709734582468,0.22005317390776213
Commodity_323,0.043104637087386766,0.1465113514286047,0.06921674121579312,0.22392273548957514,0.21331008519624045,0.13976553251974308,0.16416891706265666
Commodity_324,0.17489091411357238,0.11983808963903429,0.2467706194634142,0.11103247384655258,0.060024119221986666,0.2223178375652043,0.06512594615023552
Commodity_325,0.05387204953466712,0.2324496174162999,0.057688958046324436,0.19968366389782316,0.29253580700040094,0.046055629844480556,0.1177142742600039
Commodity_326,0.14288318187923066,0.14652097592829227,0.12925189704829496,0.20648924540944744,0.08483873061888701,0.20002976390555324,0.08998620521029439
Commodity_327,0.09603341977412468,0.09571875188300312,0.08261098090707732,0.30645303848584826,0.05919670090819649,0.10952334672932562,0.2504637613124245
Commodity_328,0.07080016621682826,0.17171653630708875,0.04471360972353493,0.13702477307452873,0.22357199848101098,0.23546899461132112,0.11670392158568703
Commodity_329,0.19731202382805957,0.16774653902514147,0.1661322807109139,0.09790027666947589,0.03471958109712777,0.10963290239781634,0.226556396271465
Commodity_330,0.22503858968180404,0.16159887848560925,0.11875353679817807,0.0387538614021271,0.16202575911731062,0.12363726710658202,0.170192107408389
Commodity_331,0.10359513263407309,0.18980186294815213,0.1551951820884864,0.14688316853549147,0.16683064738045275,0.11054430354506144,0.12714970286828262
Commodity_332,0.17143535495120507,0.10708678441240485,0.07573364247082863,0.2617774217594145,0.20152481408743342,0.13891721266954835,0.04352476964916518
Commodity_333,0.04522765478217721,0.18379613943257384,0.17615986387928526,0.11758639215988875,0.170831235147246,0.08750548774872963,0.21889322685009918
Commodity_334,0.14079292717475242,0.18168528395457176,0.1414406165503693,0.1885099569504871,0.17512928938436687,0.12804901051363604,0.04439291547181653
Commodity_335,0.11140049185696352,0.20147741057898708,0.05663199811095367,0.05832115302175093,0.08527923347697176,0.2489116534945181,0.23797805945985492
Commodity_336,0.041274714915211445,0.19842413287923136,0.30505435886699206,0.0659104682752952,0.050626904527084834,0.1066851904483862,0.232024230087799
Commodity_337,0.10186360821742046,0.12242414153027999,0.18963705709500422,0.1405052667961429,0.0696287176915038,0.1958421058620188,0.18009910280762984
Commodity_338,0.12766944599601457,0.2824801409447664,0.040553315709525306,0.1383426174852367,0.1443886607262085,0.11564047446564187,0.15092534467260674
Commodity_339,0.10386578370445138,0.26813678307228095,0.14790286628662822,0.0631142255521598,0.16808437035956167,0.0923234690921559,0.1565725019327621
Commodity_340,0.19065422397033013,0.17227741729148127,0.04457615266966466,0.09421006209460599,0.15508881674845576,0.20635196593560384,0.1368413612898584
Commodity_341,0.14696069152755564,0.23600958803048433,0.2251422195843633,0.10316159800287153,0.04604067071739305,0.14063281985496465,0.10205241228236739
Commodity_342,0.20526799571346793,0.12280230018109635,0.19881325196738905,0.13484810326184207,0.13360109164808173,0.12074106378347674,0.08392619344464626
Commodity_343,0.07185263453988351,0.22577195790166754,0.17116484763743386,0.18556793838246166,0.2062209200301479,0.05857775585997698,0.08084394564842841
Commodity_344,0.04553972973926026,0.18986535667098475,0.21491310225653754,0.17888204131484384,0.2208749873908783,0.05969050025507805,0.09023428237241729
Commodity_345,0.08659829250658099,0.22284866134466955,0.1298693875163575,0.12445267336102939,0.22916554810797563,0.1626445965142559,0.04442084064913105
Commodity_346,0.19076557595054705,0.07881805062794851,0.20335338855894347,0.1065382184164059,0.08769790410938312,0.11247559549459396,0.22035126684217793
Commodity_347,0.20580626314704928,0.19005165897826126,0.07330205507982553,0.1579766909809032,0.04266804974772288,0.14069809003614017,0.1894971920300977
Commodity_348,0.15578726285292335,0.16605593471203892,0.12101059351315399,0.1895710196726849,0.13935928321296137,0.06359541014967518,0.1646204958865625
Commodity_349,0.01901741821846099,0.21578883319268488,0.20597182960745603,0.08186493414640574,0.1310742147851975,0.16503081320563126,0.18125195684416343
Commodity_350,0.03298204094361559,0.23987583663576428,0.04957796224384853,0.11185348303951274,0.20964516729104338,0.16684697003937357,0.18921853980684208
Commodity_351,0.1959487693112632,0.14191412413865656,0.17882298739818803,0.09635260387327957,0.1681199148817028,0.11913289153773712,0.09970870885917271
Commodity_352,0.11105333726997466,0.29273136703198926,0.10380506424755027,0.08635749375050297,0.10006916404073378,0.11216394805779621,0.19381962560145286
Commodity_353,0.024279757705448757,0.11778773971079583,0.10536954623946501,0.19880603393458357,0.1581795340640398,0.1981515749526612,0.19742581339300597
Commodity_354,0.030455431943039384,0.12417526863578283,0.16769469152179658,0.1367159659651325,0.10502493814317633,0.2347972096907036,0.20113649410036885
Commodity_355,0.17291560272011622,0.10943659557035736,0.09018532320223727,0.17312435030997408,0.18500010380885734,0.04055426388805484,0.22878376050040283
Commodity_356,0.18583450529723533,0.21207215476326188,0.18232712243669982,0.05542015111476954,0.1398527373775855,0.12013427510164083,0.10435905390880702
Commodity_357,0.1545295809743979,0.18851379178971098,0.10663912356540403,0.13790661987133884,0.16803370351123578,0.18354254859119787,0.06083463169671461
Commodity_358,0.22693692241836166,0.19896762781625515,0.2003725890151644,0.032090331382537494,0.11511729260776148,0.1891968277348339,0.037318409025086006
Commodity_359,0.15416241519975657,0.11037741250267663,0.11185907493534185,0.12644520746439802,0.1581479503665292,0.19429405809450673,0.1447138814367909
Commodity_360,0.045750825849135916,0.07329823628063253,0.2154392830067956,0.24151573078765445,0.09389405870220756,0.26296328625457116,0.06713857911900273
Commodity_361,0.15461794351839026,0.10352856363313581,0.24115740591199905,0.05958435765091708,0.09653103597763021,0.3091423524173531,0.03543834089057453
Commodity_362,0.1310369142756613,0.1417767907844584,0.13117030566050142,0.24431551202213295,0.18103983456151979,0.0448078316167492,0.12585281107897697
Commodity_363,0.0844743968583471,0.2000514754716957,0.15529069892235922,0.14610269799147205,0.08351515743904143,0.1516891247101961,0.17887644860688834
Commodity_364,0.08999802997342808,0.07850827662041718,0.23937539161291888,0.11891029207850748,0.15624813664772574,0.2551765203541698,0.06178335271283286
Commodity_365,0.04130382492672511,0.146750600374035,0.15358442843239628,0.08800191274391511,0.11799720102515754,0.2082315313631904,0.24413050113458062
Commodity_366,0.07032775755700892,0.2767518088857419,0.19146032747690922,0.0662098047217161,0.07400270612105186,0.18147166448865945,0.13977593074891262
Commodity_367,0.2520702056961152,0.07552913381811575,0.11368329596444962,0.16688758909596516,0.1202030850256882,0.20514113035354997,0.06648556004611612
Commodity_368,0.09834666676791738,0.27853224100611257,0.10930719165784011,0.09859280626425929,0.05044304671539693,0.14894344907447343,0.21583459851400028
Commodity_369,0.3076522678537217,0.2105070573872515,0.09155505515506765,0.16961770371275475,0.04628565826958582,0.10919388214336484,0.06518837547825367
Commodity_370,0.18654074788250288,0.2648892930592683,0.20716098990589166,0.07911419153644364,0.11214479948691865,0.0746708806231446,0.07547909750583033
Commodity_371,0.2189487029968011,0.16144495288067912,0.09164181631643492,0.05024819359319617,0.26625518205352666,0.17228112792194195,0.03918002423742007
Commodity_372,0.16025574007815369,0.14204502130223604,0.1048565240059777,0.1586632009412957,0.05362267259088671,0.24652873698542702,0.13402810409602323
Commodity_373,0.029277517291027975,0.11386622983155144,0.1756816492915712,0.290219248641002,0.04080898677792751,0.08641861831091949,0.2637277498560005
Commodity_374,0.03859876909919899,0.25877875517732635,0.1297158801014757,0.13034280905141105,0.0448637554154699,0.23500855847945734,0.16269147267566078
Commodity_375,0.038113559004451986,0.3043601004179105,0.07743505895049822,0.2041052930378968,0.24716566622057387,0.09493671413932987,0.03388360822933873
Commodity_376,0.13668596557827237,0.159375716174868,0.11398417196559185,0.10932585442703899,0.1600998058746713,0.2147964052099134,0.1057320807696441
Commodity_377,0.03537548159731607,0.1895709680857559,0.16387754701594245,0.05959324683755912,0.21804765729620385,0.2265943885315628,0.10694071063565978
Commodity_378,0.1504782314080348,0.16663085105662243,0.09237423411235496,0.10964274666706018,0.18184978397260468,0.1241244750391185,0.17489967774420437
Commodity_379,0.12168548300597191,0.12470303778960477,0.1728960234217378,0.1673046242920904,0.15660794655846128,0.0698960401658573,0.18690684476627636
Commodity_380,0.02890166725233909,0.1296906944129746,0.10519795739508238,0.1463002399522491,0.23500109449266504,0.22382744243102073,0.1310809040636691
Commodity_381,0.08472476752114268,0.19238780850515,0.08488362951422242,0.26333048658215896,0.07554003814174366,0.06316686983202349,0.23596639990355875
Commodity_382,0.17394264910284069,0.08551529045694045,0.0645609157554749,0.18094007613313629,0.10589466250615187,0.18716129057356523,0.2019851154718906
Commodity_383,0.08842043585851209,0.1481237941585173,0.1598633523488328,0.1854248842558454,0.1410647428406636,0.11973591640653078,0.15736687413109787
Commodity_384,0.027776684027903453,0.3515187653036536,0.23567843494075064,0.09150844946451225,0.04195642384534143,0.1845876760573143,0.06697356636052426
Commodity_385,0.09070140950208964,0.16670791722549252,0.20739822224765792,0.22207149216005587,0.1627934436411977,0.03397114901686942,0.11635636620663692
Commodity_386,0.15731397808277875,0.10707480780506747,0.19323902501012527,0.1598188576620028,0.20587731782361282,0.1329252009841617,0.04375081263225105
Commodity_387,0.07730126731650747,0.14618923224045025,0.20336723141166807,0.11745303106286592,0.20621052850894672,0.14595672767579077,0.10352198178377091
Commodity_388,0.06373483666467751,0.1636995012320919,0.1723337445323511,0.21950759918081017,0.13858646098713936,0.03211243132731088,0.21002542607561916
Commodity_389,0.07587504637438715,0.1076042211839924,0.18401415605179494,0.08536813044867606,0.17369204577724442,0.18349288957093657,0.1899535105929684
Commodity_390,0.061583573071498136,0.07322364886383578,0.17173133202450339,0.15695145438136995,0.09071413538135535,0.21679873351865658,0.22899712275878084
Commodity_391,0.27998287516445625,0.22418008769544814,0.09567058308238532,0.12669692969210417,0.11380988598379305,0.049760981660380024,0.1098986567214331
Commodity_392,0.10495611804927402,0.13295569809014832,0.21501216603674222,0.2059289153596568,0.04295911133812896,0.19087493875480033,0.10731305237124948
Commodity_393,0.13399828798596683,0.20448884617821686,0.037136210151857196,0.04298167715651316,0.1734452502758622,0.1410124042723639,0.2669373239792199
Commodity_394,0.051327160254887996,0.21364336771616768,0.14900334444167804,0.16090039548583374,0.14051013327398953,0.23162600070917605,0.0529895981182669
Commodity_395,0.27589385776309044,0.17332446079180583,0.13857327199912522,0.13860212042179185,0.06646939105487958,0.0843704017476315,0.12276649622167553
Commodity_396,0.08633830979943814,0.21424935281888086,0.07059361878841683,0.1861935343579701,0.2253664563719558,0.04451617573055153,0.17274255213278678
Commodity_397,0.09126827211802145,0.20622451532690417,0.16044789249399027,0.11278249014723458,0.2313011773445858,0.11996095337321466,0.07801469919604923
Commodity_398,0.11456544344480712,0.08394677466615807,0.15192227690972235,0.07110255423250353,0.22820747420334053,0.10763214435941272,0.24262333218405563
Commodity_399,0.09314049773806785,0.13508841807713978,0.14962124351902095,0.0975244565499849,0.22439662801991284,0.18425258696914104,0.11597616912673264
Commodity_400,0.06578033484648863,0.11653167549128636,0.10178008722538977,0.16356747379699899,0.12447078805120478,0.3162017318446355,0.11166790874399612
Commodity_401,0.11723936895962034,0.16233117712129758,0.17406955895039064,0.18433941248772268,0.06604497376423518,0.11702360906000948,0.1789518996567241
Commodity_402,0.09144727842553514,0.16838902157359853,0.05130323530569588,0.27089359025922255,0.048857871220078765,0.1687546283468736,0.20035437486899554
Commodity_403,0.0365548872367823,0.09928374105847787,0.16259926011256912,0.30162308556219086,0.06019222221552453,0.14768739925502827,0.1920594045594271
Commodity_404,0.13571443508647912,0.2740282940961364,0.035248188632212456,0.06338821041283134,0.20820166512616536,0.17679877548586306,0.10662043116031228
Commodity_405,0.18182959563187426,0.16395806354098194,0.06407604514111423,0.09088761184815759,0.23181329901010342,0.165500457671257,0.10193492715651163
Commodity_406,0.20019364239727117,0.09884445737208622,0.10160649813987196,0.2110927980267752,0.0958782665542675,0.17296872166399102,0.11941561584573686
Commodity_407,0.1535460316279339,0.11243904134691902,0.08691421800169824,0.18331097642939864,0.164599405966937,0.1508255698174547,0.1483647568096585
Commodity_408,0.12318349634382965,0.17073500244391723,0.17156205275902348,0.09822464434114156,0.17602750404127976,0.0644306227033785,0.19583667736742974
Commodity_409,0.17934490153894328,0.11068902531765812,0.16895927840428265,0.15945493358211704,0.14992675241573958,0.20994646215850135,0.021678646582757956
Commodity_410,0.09953652391356999,0.24080145762340335,0.21893002251798419,0.18020075462067092,0.03011513535974723,0.05024933005302496,0.1801667759115993
Commodity_411,0.19312109326946428,0.18873826063064544,0.07709441925006594,0.07199939181078821,0.18875836199220247,0.07200825267370123,0.2082802203731326
Commodity_412,0.03882327967963744,0.22978114194371357,0.15100912998386654,0.19395012451412402,0.08532010842448116,0.09962720166039597,0.20148901379378126
Commodity_413,0.13940609973211718,0.24608312778603753,0.22482186867728712,0.08960946964225748,0.06528836180767053,0.1397647929391245,0.09502627941550566
Commodity_414,0.17666271598031613,0.16227185255318594,0.2022121820835031,0.14078574501163188,0.16010779601484387,0.05549277597990002,0.102466932376619
Commodity_415,0.23300863828339263,0.10386655782221295,0.16689566083652085,0.06738919980477516,0.20332461188821724,0.16377618459741514,0.06173914676746616
Commodity_416,0.10638837719164163,0.18716549951359787,0.07969120296322858,0.14823387922155185,0.12043304878897614,0.1648486084922818,0.1932393838287222
Commodity_417,0.024799071603383807,0.27911311219548945,0.21273803558916018,0.18922655244292463,0.08912170024922099,0.09569378846161934,0.10930773945820148
Commodity_418,0.17094610445043543,0.17109361143870355,0.23682617546354856,0.1487765924476107,0.038115471966653915,0.11846673235403554,0.11577531187901227
Commodity_419,0.06951626810917919,0.23156431883474465,0.11523164934073113,0.11981923212342059,0.10661212412506547,0.2647817171343835,0.09247469033247545
Commodity_420,0.03369177911566411,0.22541251887299726,0.1195778106073496,0.17865959329259168,0.20534521288880733,0.09380781208301692,0.14350527313957306
Commodity_421,0.060430312511445976,0.08397010432261515,0.07315567122010946,0.224964643939546,0.17788473802431404,0.3086201119034669,0.07097441807850241
Commodity_422,0.22910002968783055,0.1809770328483264,0.07234632824557238,0.14992591885813916,0.15731933923722405,0.07839932858704507,0.1319320225358624
Commodity_423,0.16407593919164654,0.08588292673145284,0.17153014012345255,0.07228109031038629,0.11139998682901284,0.18021776645888654,0.2146121503551626
Commodity_424,0.15376543857008607,0.10552665862047421,0.04476705769146995,0.20535838333289946,0.14124151604092897,0.18436855852449735,0.1649723872196439
Commodity_425,0.1509705456141523,0.1943728523793813,0.044948613304742646,0.13912835118949246,0.2495632960293171,0.11909781681699927,0.10191852466591489
Commodity_426,0.22629875600664878,0.18226067597083379,0.10909462299551441,0.10339067943226082,0.2149825787332781,0.13075285382155954,0.03321983303990442
Commodity_427,0.20529833246217724,0.19053738036526052,0.22559488769285782,0.06610164119580277,0.1524834266361561,0.04573180540251008,0.11425252624523544
Commodity_428,0.14022512895653141,0.1729739873343885,0.1989529025954046,0.04473139262624555,0.17898182150798275,0.15688671582076205,0.10724805115868508
Commodity_429,0.16107425407844278,0.1573470711727867,0.14686116401203295,0.23175294064913715,0.22927868515997737,0.038172754132360834,0.03551313079526229
Commodity_430,0.11271381758638761,0.1175300426991932,0.12467216656603972,0.2207267619569869,0.23906597001514207,0.14699168045605474,0.03829956072019572
Commodity_431,0.14884167954854136,0.1971791289909386,0.16995591726288528,0.10166092214260636,0.1488645492239304,0.09810900160025972,0.1353888012308385
Commodity_432,0.10403680319574357,0.19828731230827254,0.08408903692141793,0.18695633653544982,0.11200471127383438,0.1627577253187638,0.15186807444651804
Commodity_433,0.12741793309606772,0.32412196185414716,0.20650064769653917,0.1902035349861499,0.05786569623612913,0.058806852510629566,0.03508337362033733
Commodity_434,0.23344721289873108,0.20640384737338172,0.14721734504102602,0.06378048765494822,0.08892540014678192,0.20727566426263117,0.05295004262249988
Commodity_435,0.09179104633078439,0.22416801984037232,0.0950282758304292,0.11726788470931047,0.0710997358221882,0.14308115629094983,0.2575638811759655
Commodity_436,0.10487040244629085,0.12613249008267144,0.16665859618211537,0.19845644312464691,0.17256512920162828,0.17059663722868093,0.06072030173396622
Commodity_437,0.18173187586377412,0.09875132389855291,0.08799186819305191,0.3149885905202208,0.11359110221486332,0.13201660817976982,0.07092863112976716
Commodity_438,0.23365057893997626,0.24859093044007896,0.16218121016156398,0.10982077567057842,0.11324478964772886,0.05248033746474364,0.08003137767532985
Commodity_439,0.23831239696742423,0.23270950967484816,0.057608538085213316,0.09684927885191949,0.06397074193719489,0.1136659998140486,0.1968835346693514
Commodity_440,0.10739183043502253,0.29645913004259034,0.10265612469258042,0.22129111572331697,0.07666404804203097,0.15302820703181713,0.042509544032641726
Commodity_441,0.043005165301131826,0.17343231929904748,0.1244809478841823,0.27800321995562605,0.1651884077554464,0.06874096736001219,0.14714897244455358
Commodity_442,0.21378420966174463,0.1456348042366533,0.033038493719726586,0.12418003073700681,0.14242674581854733,0.23129880259742538,0.10963691322889607
Commodity_443,0.1354066869754654,0.18970314252998105,0.06332678616472406,0.11390632246569435,0.06003896893428521,0.2280166058110995,0.2096014871187504
Commodity_444,0.15877719128540727,0.16968866677938116,0.2020795053879779,0.08972889525018007,0.15764887862284804,0.0736309461740602,0.1484459165001455
Commodity_445,0.18273102302832078,0.0906474380356764,0.04436994611107387,0.23414687035493964,0.22621553793245106,0.06433034889386438,0.15755883564367368
Commodity_446,0.11329839919107075,0.20096033389902468,0.05176391161255808,0.1525449572568833,0.15199489035741853,0.288257587338995,0.04117992034404955
Commodity_447,0.19094423774113975,0.15442260383589942,0.09783961593446033,0.18223087122568069,0.2072997871549033,0.14039187391084135,0.026871010197075194
Commodity_448,0.20611376750426907,0.216283504565673,0.0634143041058319,0.18503225479114863,0.17720520971321363,0.04031473203278274,0.11163622728708109
Commodity_449,0.13683146756009115,0.11202728082917493,0.09317415517668691,0.19656303091466842,0.23378673715570708,0.19576084010091585,0.031856488262755514
Commodity_450,0.032424331361506326,0.12319382128844321,0.1599375386644988,0.20741515577704545,0.08790906529757261,0.26587886300061886,0.12324122461031457
Commodity_451,0.1304307127805187,0.20929196942779024,0.1251027759148162,0.19316520698403433,0.07694914026438487,0.08904382795004477,0.17601636667841083
Commodity_452,0.1417169068856551,0.12817209046963599,0.12648369904942702,0.17388008067086277,0.13641600075202956,0.1283077117872926,0.16502351038509688
Commodity_453,0.18794082140559273,0.09039921137486674,0.15157374473409888,0.12150983665132668,0.17802477716374837,0.12542063300838607,0.14513097566198058
Commodity_454,0.16713931145936964,0.20206832802190072,0.14077341563780277,0.036772520089261754,0.1546973819143387,0.21835058235856503,0.08019846051876141
Commodity_455,0.19788685489645733,0.0914805381685307,0.09074306539712468,0.3111057550945458,0.0710154457080164,0.04875438365946959,0.18901395707585536
Commodity_456,0.07500496487897651,0.2012977441300951,0.07348475931832475,0.16410442953587906,0.16123326570586416,0.1059265788940813,0.21894825753677905
Commodity_457,0.034347912903343235,0.13980473201862154,0.16995643166523053,0.04768780365595093,0.21775709008837554,0.23869830752717425,0.15174772214130405
Commodity_458,0.08147376425282922,0.13161180070953246,0.13551353303970742,0.23782891369923695,0.040652310275645094,0.1621792080964736,0.21074046992657533
Commodity_459,0.1631229595635993,0.19322550411495643,0.15563877023177375,0.1774729958360469,0.09176222248270578,0.1077156798867274,0.11106186788419044
Commodity_460,0.18616450593002426,0.19808779288949308,0.1737960581407025,0.12315266054083543,0.07235028015508288,0.08495530350282798,0.16149339884103386
Commodity_461,0.08075416341391065,0.11122464866369253,0.18588546913205495,0.19101620083404894,0.12585175242946042,0.12464356145273998,0.18062420407409255
Commodity_462,0.08347873661244982,0.06326577697258648,0.15713801705999694,0.19562690768360622,0.17466016848307828,0.14739248633027016,0.1784379068580121
Commodity_463,0.075591184320537,0.1541902386951472,0.16649118872260174,0.2009404674481347,0.1093365288522155,0.17277381000980607,0.12067658195155784
Commodity_464,0.1994487528985217,0.1382343585154914,0.19672108403404615,0.2361719563428042,0.10079865769218725,0.09973904802322812,0.02888614249372116
Commodity_465,0.14600515965333052,0.13200064673366926,0.26469488386421525,0.12496625421629638,0.1970387728035549,0.07188887878027982,0.06340540394865406
Commodity_466,0.041933092069681537,0.3050960259770471,0.06067401757261622,0.05965003936937222,0.2423969932699571,0.18986241918154884,0.10038741255977686
Commodity_467,0.11861348585975884,0.11330967188087196,0.20173275496889084,0.2464231475646359,0.06228306168801519,0.03955974405452015,0.21807813398330714
Commodity_468,0.14344760153017425,0.16054217862949352,0.23195443045005198,0.09457220568291687,0.16224845961726933,0.06695355268828196,0.14028157140181213
Commodity_469,0.21572264941063074,0.25922299047956765,0.047173166957756,0.16736305669485382,0.03673338474216863,0.08353721435881975,0.19024753735620334
Commodity_470,0.16149851254732528,0.2297105244917859,0.04665442951763123,0.1709025769545098,0.07298853124458149,0.18372350827576434,0.1345219169684019
Commodity_471,0.16233059070278333,0.1132578885936606,0.16969502421172833,0.24075904897819353,0.07729447626015207,0.1426280516965457,0.09403491955693657
Commodity_472,0.03614270620248268,0.215509620120858,0.17656648481588375,0.18065987925239022,0.18532456602535638,0.04088800107710621,0.16490874250592263
Commodity_473,0.04974228323917209,0.22746658577806494,0.07504805881530113,0.10601973493607596,0.14933979011214238,0.19293819101105428,0.19944535610818914
Commodity_474,0.0792063765647157,0.1765261546086773,0.19556364369312562,0.07284242263224827,0.1590759891427586,0.14400385468583762,0.17278155867263695
Commodity_475,0.1154958438603966,0.19692900550246956,0.14337415324294261,0.11594304819083529,0.1702562103053165,0.19644434972090494,0.061557389177134464
Commodity_476,0.11902345069021557,0.1424306053846957,0.29535668994698866,0.06218312751170686,0.18509367811283597,0.0989846569579954,0.09692779139556197
Commodity_477,0.16406810637499492,0.1825997529494495,0.027087643710905638,0.2188021140684537,0.2001732707467461,0.13312602801565945,0.07414308413379078
Commodity_478,0.027326567147613487,0.25934894808687964,0.09087104930621667,0.17714271410813207,0.09650233090004594,0.20430039238693745,0.14450799806417475
Commodity_479,0.025987145887100764,0.16101019735956767,0.11621623666651355,0.28930502389256957,0.14976929290141763,0.06999134774498386,0.18772075554784692
Commodity_480,0.21730339867195744,0.10276453700819894,0.22336653314910107,0.1670205816345002,0.07337560822191287,0.10035821088335198,0.11581113043097757
Commodity_481,0.18316398176442952,0.21245602701605912,0.1890524985560541,0.1720547014945865,0.11594655343091213,0.04171051581895957,0.08561572191899906
Commodity_482,0.17965807463631575,0.10351132064753606,0.1741745353460796,0.1406739577141768,0.08767797283063382,0.22499184278832182,0.08931229603693622
Commodity_483,0.15340959643005753,0.17563328430888736,0.04178324866798611,0.24313741082047272,0.24241869304815636,0.07576302059267133,0.06785474613176877
Commodity_484,0.21623448379698437,0.09394838311402946,0.2010027805120774,0.12836955854857499,0.18467290241432796,0.04570209097843209,0.13006980063557375
Commodity_485,0.10375759917389418,0.32364489937109503,0.109144621029691,0.1628038822669227,0.09891622791201063,0.08568996612366174,0.1160428041227248
Commodity_486,0.16865214835890108,0.11363638410739219,0.26637054030216417,0.05572500726907019,0.0803675217922489,0.25711681630802513,0.05813158186219828
Commodity_487,0.13659525698764965,0.1511432891459365,0.25831704978659886,0.1708397794379078,0.03915460853034542,0.13483673405740512,0.10911328205415656
Commodity_488,0.18293701783979155,0.11588029806183864,0.11465632905953602,0.14526691977899972,0.09642032384814565,0.21968675442492613,0.12515235698676241
Commodity_489,0.19785834977152672,0.0833426411757872,0.13756191212058685,0.08428414951010628,0.21346381435820314,0.19539073407071053,0.08809839899307934
Commodity_490,0.170005108021329,0.26174400796462777,0.0738208584552714,0.08586036439486062,0.04435753184797169,0.1905089962035733,0.17370313311236615
Commodity_491,0.06280556741754999,0.15163401804881335,0.2178073480585692,0.1967630197242051,0.12226744809194509,0.12804724699407455,0.1206753516648427
Commodity_492,0.15085299077360953,0.1335525923178065,0.10526970656645664,0.1594753345406679,0.08614253522627469,0.20019040310546615,0.16451643746971858
Commodity_493,0.18684228837047406,0.0888304921670731,0.16771657544127425,0.1861202407616369,0.07395051723391262,0.10985608542516301,0.18668380060046597
Commodity_494,0.09046242803031085,0.08445938332467934,0.1588831980707484,0.11188626674960712,0.21882914709246729,0.15308070207586127,0.18239887465632587
Commodity_495,0.05077359991727975,0.1225107934493678,0.2174805156503338,0.2209201086766725,0.09060154724290478,0.16767589124051907,0.13003754382292224
Commodity_496,0.29183183489747516,0.11492285528197059,0.133829967675996,0.16427165944907188,0.14722537940292146,0.06340230927583933,0.08451599401672569
Commodity_497,0.10603797718400104,0.22198369514056104,0.07806026160147744,0.22862410869060656,0.07602804440332518,0.1550128646732174,0.13425304830681126
Commodity_498,0.1832463962546964,0.14228164099078358,0.1676749448804497,0.16979151909005835,0.11818488781260374,0.1949861417986326,0.02383446917277553
Commodity_499,0.16630601040911205,0.07752269331006653,0.12752505874153078,0.13542593337303793,0.12378462397818407,0.22899430244008803,0.14044137774798066
Commodity_500,0.18440305247327327,0.07832250718784613,0.21947678487183497,0.1900004771800468,0.13054255339829343,0.08204957986297584,0.11520504502572965
